{"id": "a3cloud_net", "name": "a3cloud.net", "category": "unknown", "website_url": null, "ghostery_id": null, "company_id": null, "company_name": null, "iab_vendor": null, "truste_type": null, "description": null, "truste_privacy_url": null, "privacy_url": null, "date_range": ["2017-09", "2019-01"], "overview": {"reach": 0.00033931054041904307, "site_reach_top10k": 34, "site_avg_frequency": 0.13129488367049405, "cookies": 0.23095687727221653, "bad_qs": 1.4498689680920087e-05, "tracked": 0.23095687727221653, "https": 0.9605671887403175, "requests": 1.3577515432042828, "requests_tracking": 0.2780848680800473, "content_length": 748.2558583767992, "requests_failed": 0.3142156027649001, "has_blocking": 0.0, "script": 0.610180979893942, "iframe": 0.38761884394697826, "beacon": 0.0, "image": 0.0012613860022400475, "stylesheet": 0.0, "font": 0.0, "xhr": 0.0016057298821618997, "plugin": 0.0, "media": 0.0, "referer_leaked": 0.6895903032763414, "referer_leaked_header": 0.6895903032763414, "referer_leaked_url": 0.0, "hosts": 1.0, "reach_rank": 820, "site_reach_rank": 648}, "reach_time_series": {"page": [0.001286214323150281, 0.0014269793069567982, 0.0025161937250227787, 0.0018753881999732857, 0.0002809098714868188, 0.0002028250929891744, 0.0002917247787560127, 0.0004357276158067842, 0.0005501309513259615, 0.00046133240653417016, 0.0004921275878027762, 0.00029762446578589414, 0.00030889402105600073, 0.00025129937485985856, 0.0001687257417918931, 0.0001553839676274979, 0.00033931054041904307], "ts": ["2017-09", "2017-10", "2017-11", "2017-12", "2018-01", "2018-02", "2018-03", "2018-04", "2018-05", "2018-06", "2018-07", "2018-08", "2018-09", "2018-10", "2018-11", "2018-12", "2019-01"], "site": [14, 14, 10, 10, 34]}, "presence_by_category": [["Business", 42.857142857142854], ["Entertainment", 28.571428571428573], ["News and Portals", 28.571428571428573]]}