{"id": "ad-blocker.org", "name": "ad-blocker.org", "category": "unknown", "website_url": null, "ghostery_id": null, "company_id": null, "company_name": null, "iab_vendor": null, "truste_type": null, "description": null, "truste_privacy_url": null, "privacy_url": null, "date_range": ["2018-12", "2019-01"], "overview": {"reach": 0.0011743206877519777, "site_reach_top10k": 161, "site_avg_frequency": 0.02217517224718004, "cookies": 0.04504942303140494, "bad_qs": 9.425880115372773e-06, "tracked": 0.04504942303140494, "https": 0.9999989526799872, "requests": 2.1332463359509353, "requests_tracking": 0.06490765779446973, "content_length": 792.9178838270749, "requests_failed": 0.7602255089451603, "has_blocking": 0.0, "script": 0.9945382261331479, "iframe": 0.0, "beacon": 0.0, "image": 0.0, "stylesheet": 0.0, "font": 0.0, "xhr": 0.5141859495736361, "plugin": 0.0, "media": 0.0, "referer_leaked": 0.7223627958417206, "referer_leaked_header": 0.7223627958417206, "referer_leaked_url": 0.0, "hosts": 1.0, "reach_rank": 476, "site_reach_rank": 225}, "reach_time_series": {"page": [0.0012263827647424402, 0.0011743206877519777], "ts": ["2018-12", "2019-01"], "site": [200, 161]}, "presence_by_category": [["Entertainment", 60.0], ["News and Portals", 20.0], ["Reference", 20.0]]}