{"id": "ad-delivery.net", "name": "ad-delivery.net", "category": "unknown", "website_url": null, "ghostery_id": null, "company_id": null, "company_name": null, "iab_vendor": null, "truste_type": null, "description": null, "truste_privacy_url": null, "privacy_url": null, "date_range": ["2018-07", "2019-01"], "overview": {"reach": 0.003104300278460402, "site_reach_top10k": 65, "site_avg_frequency": 0.4271427739530164, "cookies": 1.1489480390230297e-05, "bad_qs": 0.0, "tracked": 1.1489480390230297e-05, "https": 0.9999825676849252, "requests": 2.101338405608768, "requests_tracking": 5.071218930860269e-05, "content_length": 4.979196116714104, "requests_failed": 1.9739612717349273, "has_blocking": 0.0, "script": 0.9989386097253301, "iframe": 0.0, "beacon": 0.0, "image": 0.9985982833923919, "stylesheet": 0.0, "font": 0.0, "xhr": 0.00023771338738407511, "plugin": 0.0, "media": 0.0, "referer_leaked": 0.07837053811971881, "referer_leaked_header": 0.07837053811971881, "referer_leaked_url": 0.0, "hosts": 1.0, "reach_rank": 230, "site_reach_rank": 451}, "reach_time_series": {"page": [0.0012650716199346112, 0.001647843678999556, 0.001684429740122084, 0.0018571578729794835, 0.0023310046827653866, 0.0032445382468808807, 0.003104300278460402], "ts": ["2018-07", "2018-08", "2018-09", "2018-10", "2018-11", "2018-12", "2019-01"], "site": [38, 46, 76, 58, 65]}, "presence_by_category": [["Entertainment", 56.666666666666664], ["Reference", 20.0], ["Business", 10.0], ["E-Commerce", 6.666666666666667], ["News and Portals", 6.666666666666667]]}