{"id": "adskeeper", "name": "AdsKeeper", "category": "advertising", "website_url": null, "ghostery_id": "2632", "company_id": "adskeeper", "company_name": "Adskeeper", "iab_vendor": null, "truste_type": null, "description": null, "truste_privacy_url": null, "privacy_url": null, "date_range": ["2017-09", "2019-01"], "overview": {"reach": 0.0008151006951720736, "site_reach_top10k": 50, "site_avg_frequency": 0.4185623091471397, "cookies": 0.07700269938724362, "bad_qs": 0.02078030247018829, "tracked": 0.07758965390807598, "https": 0.5858334226087639, "requests": 2.216530389608038, "requests_tracking": 0.6975267939457678, "content_length": 9062.39531160646, "requests_failed": 1.5407918303173327, "has_blocking": 0.0, "script": 0.907086155568599, "iframe": 0.06921687592324627, "beacon": 0.0, "image": 0.08906770799540696, "stylesheet": 1.5088805162785575e-06, "font": 0.0026677007527804897, "xhr": 0.0010154765874554692, "plugin": 0.0, "media": 0.0, "referer_leaked": 0.08807939125724451, "referer_leaked_header": 0.08186883905224197, "referer_leaked_url": 0.0, "hosts": 1.0, "reach_rank": 604, "site_reach_rank": 524}, "reach_time_series": {"page": [0.0008813584820947154, 0.0008213829644920665, 0.0007480227862184075, 0.0008830065739332203, 0.0009241413987477351, 0.0009107273968746219, 0.001106250945603446, 0.0011661961961561087, 0.0015565039744375453, 0.0011566652662132967, 0.0009159612537762555, 0.0010339136531688044, 0.0011523655359436669, 0.001111842729528771, 0.0009612397395006692, 0.0010232571783350844, 0.0008151006951720736], "ts": ["2017-09", "2017-10", "2017-11", "2017-12", "2018-01", "2018-02", "2018-03", "2018-04", "2018-05", "2018-06", "2018-07", "2018-08", "2018-09", "2018-10", "2018-11", "2018-12", "2019-01"], "site": [71, 80, 63, 56, 50]}, "presence_by_category": [["Entertainment", 75.0], ["Adult", 8.333333333333334], ["Business", 8.333333333333334], ["News and Portals", 8.333333333333334]]}