{"id": "adspyglass", "name": "AdSpyglass", "category": "advertising", "website_url": null, "ghostery_id": "2835", "company_id": "adspyglass", "company_name": "AdSpyglass", "iab_vendor": null, "truste_type": null, "description": null, "truste_privacy_url": null, "privacy_url": null, "date_range": ["2017-05", "2019-01"], "overview": {"reach": 0.0005810785400129139, "site_reach_top10k": 23, "site_avg_frequency": 0.6048614911628657, "cookies": 0.06307993836567442, "bad_qs": 0.0, "tracked": 0.06307993836567442, "https": 0.7742113684852179, "requests": 5.057295370652579, "requests_tracking": 0.33433023468454737, "content_length": 131.47317679230588, "requests_failed": 4.687777269802567, "has_blocking": 0.0, "script": 0.23002175827152968, "iframe": 0.8329438856717125, "beacon": 0.0, "image": 0.09923507399505571, "stylesheet": 0.0, "font": 0.0, "xhr": 0.04813488435097701, "plugin": 0.00016085881675640895, "media": 0.0, "referer_leaked": 0.05660960411798571, "referer_leaked_header": 0.054429543838260694, "referer_leaked_url": 0.0, "hosts": 1.0, "reach_rank": 702, "site_reach_rank": 738}, "reach_time_series": {"page": [0.001058868518156359, 0.0009619045178787038, 0.0009716014683910775, 0.0009318815834161056, 0.0008698989118991182, 0.0008664163649584544, 0.0010280901111311342, 0.0010102650134728732, 0.0007461335127955116, 0.0005037651410824548, 0.000342601655144029, 0.00036365702216925236, 0.00044306930532101997, 0.0003955043843204969, 0.0004541926381957226, 0.00036161089100360304, 0.0003477990126082615, 0.0003758064169455691, 0.00046566927420880783, 0.0006272237460984602, 0.0005810785400129139], "ts": ["2017-05", "2017-06", "2017-07", "2017-08", "2017-09", "2017-10", "2017-11", "2017-12", "2018-01", "2018-02", "2018-03", "2018-04", "2018-05", "2018-06", "2018-07", "2018-08", "2018-09", "2018-10", "2018-11", "2018-12", "2019-01"], "site": [20, 19, 32, 20, 23]}, "presence_by_category": [["Adult", 66.66666666666667], ["Entertainment", 16.666666666666668], ["News and Portals", 16.666666666666668]]}