{"id": "adtng.com", "name": "adtng.com", "category": "pornvertising", "website_url": null, "ghostery_id": null, "company_id": null, "company_name": null, "iab_vendor": null, "truste_type": null, "description": null, "truste_privacy_url": null, "privacy_url": null, "date_range": ["2018-12", "2019-01"], "overview": {"reach": 0.002373531880373705, "site_reach_top10k": 82, "site_avg_frequency": 0.2736768876875932, "cookies": 0.1634049684072639, "bad_qs": 0.00585996806009097, "tracked": 0.16354124673424275, "https": 0.9997212253235185, "requests": 3.0105094944022253, "requests_tracking": 0.3240211537126258, "content_length": 10.194468136261746, "requests_failed": 2.710810653959792, "has_blocking": 0.0, "script": 3.834447222979324e-05, "iframe": 0.9672087400524594, "beacon": 0.0, "image": 0.0046433083196105035, "stylesheet": 2.228124737677175e-05, "font": 0.0, "xhr": 0.03768588001081936, "plugin": 0.0, "media": 0.0, "referer_leaked": 0.06328236972983728, "referer_leaked_header": 0.06325490679702406, "referer_leaked_url": 0.0, "hosts": 1.0, "reach_rank": 271, "site_reach_rank": 385}, "reach_time_series": {"page": [0.0005128996141697558, 0.002373531880373705], "ts": ["2018-12", "2019-01"], "site": [60, 82]}, "presence_by_category": [["Adult", 74.19354838709677], ["Entertainment", 22.580645161290324], ["Business", 3.225806451612903]]}