{"id": "adtrue", "name": "Adtrue", "category": "advertising", "website_url": null, "ghostery_id": "2730", "company_id": "adtrue", "company_name": "AdTrue", "iab_vendor": null, "truste_type": null, "description": null, "truste_privacy_url": null, "privacy_url": null, "date_range": ["2018-01", "2019-01"], "overview": {"reach": 0.0004976723497645229, "site_reach_top10k": 36, "site_avg_frequency": 0.37925182776955707, "cookies": 0.14192829323263675, "bad_qs": 0.0003360945809691386, "tracked": 0.14194559221842193, "https": 0.7465575018287499, "requests": 9.29778227002234, "requests_tracking": 5.886723769794982, "content_length": 6979.336974357961, "requests_failed": 3.432647634487258, "has_blocking": 0.0, "script": 0.9915655087878847, "iframe": 0.15330361202823195, "beacon": 0.0, "image": 6.178209208991519e-05, "stylesheet": 2.4712836835966074e-06, "font": 0.0, "xhr": 0.06504418655226271, "plugin": 0.0, "media": 2.4712836835966074e-06, "referer_leaked": 0.16112028231944803, "referer_leaked_header": 0.12303780075522429, "referer_leaked_url": 0.0, "hosts": 1.0, "reach_rank": 742, "site_reach_rank": 627}, "reach_time_series": {"page": [0.0010714669243789728, 0.0013227927914559313, 0.0014490703531168895, 0.0013104751745022772, 0.0015901748768858252, 0.0012322689652524337, 0.0006881118715138074, 0.0006442530389600466, 0.00048362126531564976, 0.0004791501153612487, 0.000431792654998993, 0.00047844105814141163, 0.0004976723497645229], "ts": ["2018-01", "2018-02", "2018-03", "2018-04", "2018-05", "2018-06", "2018-07", "2018-08", "2018-09", "2018-10", "2018-11", "2018-12", "2019-01"], "site": [30, 33, 30, 29, 36]}, "presence_by_category": [["Entertainment", 72.72727272727273], ["Adult", 9.090909090909092], ["E-Commerce", 9.090909090909092], ["News and Portals", 9.090909090909092]]}