{"id": "aemediatraffic", "name": "Aemediatraffic", "category": "site_analytics", "website_url": null, "ghostery_id": "aemediatraffic.com", "company_id": null, "company_name": null, "iab_vendor": null, "truste_type": null, "description": null, "truste_privacy_url": null, "privacy_url": null, "date_range": ["2017-11", "2019-01"], "overview": {"reach": 4.158748550576694e-05, "site_reach_top10k": 7, "site_avg_frequency": 0.09893795924558321, "cookies": 0.4950907907967114, "bad_qs": 0.0012716626249482464, "tracked": 0.4953865262908854, "https": 0.625421423079198, "requests": 21.433725675755603, "requests_tracking": 4.109540427042053, "content_length": 215.2383036612054, "requests_failed": 13.6201573312829, "has_blocking": 0.0, "script": 0.8554149168983262, "iframe": 0.24475069497841132, "beacon": 0.0, "image": 0.00017744129650440645, "stylesheet": 0.0, "font": 0.0, "xhr": 0.4604601644289348, "plugin": 0.0, "media": 0.0, "referer_leaked": 0.1449991127935175, "referer_leaked_header": 0.1125273555332111, "referer_leaked_url": 0.0, "hosts": 1.0, "reach_rank": 1074, "site_reach_rank": 996}, "reach_time_series": {"page": [0.0008238768377286628, 0.0008338113480059591, 0.00033863537556720147, 0.00018368396831590592, 4.4655773884616544e-05, 5.1967755880848154e-05, 0.00011400811710061616, 9.996591726952465e-05, 4.223307786256589e-05, 1.351403998432949e-05, 1.3005816280545348e-05, 2.626957916226795e-05, 6.447128291582854e-05, 7.358940615739563e-05, 4.158748550576694e-05], "ts": ["2017-11", "2017-12", "2018-01", "2018-02", "2018-03", "2018-04", "2018-05", "2018-06", "2018-07", "2018-08", "2018-09", "2018-10", "2018-11", "2018-12", "2019-01"], "site": [1, 7, 8, 7, 7]}, "presence_by_category": [["Adult", 100.0]]}