{"id": "algovid.com", "name": "algovid.com", "category": "unknown", "website_url": null, "ghostery_id": null, "company_id": null, "company_name": null, "iab_vendor": null, "truste_type": null, "description": null, "truste_privacy_url": null, "privacy_url": null, "date_range": ["2017-06", "2019-01"], "overview": {"reach": 0.00010595990495841499, "site_reach_top10k": 26, "site_avg_frequency": 0.02429668135809747, "cookies": 0.18522645495275902, "bad_qs": 0.0, "tracked": 0.18522645495275902, "https": 0.9733964760777213, "requests": 13.937669754161153, "requests_tracking": 5.820194071082016, "content_length": 81747.90225642454, "requests_failed": 3.4059358822573533, "has_blocking": 0.0, "script": 0.36522970494695545, "iframe": 0.0001276783434315296, "beacon": 0.0, "image": 0.17002112496227687, "stylesheet": 0.0, "font": 0.0, "xhr": 0.7436915291222694, "plugin": 0.02192585370383267, "media": 0.0, "referer_leaked": 0.1913782296817327, "referer_leaked_header": 0.12953548297235185, "referer_leaked_url": 0.0, "hosts": 1.0, "reach_rank": 1003, "site_reach_rank": 709}, "reach_time_series": {"page": [0.0006844818787594928, 0.0005717986415949994, 0.00033936141360277935, 0.0003669837572182641, 0.0006258342289092565, 0.0002184873340309537, 0.000729133071673282, 0.0006780655225673937, 0.00026900914554460687, 0.0002072809611688815, 0.00024333023639594472, 0.00027463686361665186, 0.0001413958001306169, 0.00013531492398684064, 0.00017619066695579705, 0.00020190529428728372, 0.00019038498910540854, 0.00023613224390004264, 0.00020294600187598336, 0.00010595990495841499], "ts": ["2017-06", "2017-07", "2017-08", "2017-09", "2017-10", "2017-11", "2017-12", "2018-01", "2018-02", "2018-03", "2018-04", "2018-05", "2018-06", "2018-07", "2018-08", "2018-09", "2018-10", "2018-11", "2018-12", "2019-01"], "site": [31, 31, 28, 34, 26]}, "presence_by_category": [["Reference", 100.0]]}