{"id": "alibaba.com", "name": "Alibaba", "category": "misc", "website_url": null, "ghostery_id": "", "company_id": "alibaba", "company_name": "Alibaba", "iab_vendor": null, "truste_type": null, "description": null, "truste_privacy_url": null, "privacy_url": null, "date_range": ["2017-05", "2019-01"], "overview": {"reach": 0.007324613410629399, "site_reach_top10k": 93, "site_avg_frequency": 0.3351117705039819, "cookies": 0.5851097430024825, "bad_qs": 0.07482774340715019, "tracked": 0.6092096304175716, "https": 0.8985358924222211, "requests": 81.37674924292735, "requests_tracking": 8.997013015688847, "content_length": 2179184.588710949, "requests_failed": 25.769746310346477, "has_blocking": 0.0, "script": 0.8994115528406071, "iframe": 0.6989484518945077, "beacon": 0.0, "image": 0.8510218696819162, "stylesheet": 0.8119613701944671, "font": 0.49801486187989097, "xhr": 0.26270769649257286, "plugin": 0.002749389010671639, "media": 0.004591550170808353, "referer_leaked": 0.8724163609970943, "referer_leaked_header": 0.8692643193146509, "referer_leaked_url": 0.0, "hosts": 1.653873013287706, "reach_rank": 108, "site_reach_rank": 350}, "reach_time_series": {"page": [0.001540520004499811, 0.0014495215142434153, 0.0014633939223948193, 0.0015310819667782968, 0.001604470420776155, 0.0016351277996647707, 0.0018691268262569448, 0.0024997411681968356, 0.0037973865342733623, 0.007414796798819035, 0.008775574843515292, 0.0072207153384171285, 0.007544367433354817, 0.0069028158016041525, 0.007036217337229414, 0.007307658952048701, 0.007944563514919845, 0.007892590556689777, 0.00945039448503183, 0.007615371845114299, 0.007324613410629399], "ts": ["2017-05", "2017-06", "2017-07", "2017-08", "2017-09", "2017-10", "2017-11", "2017-12", "2018-01", "2018-02", "2018-03", "2018-04", "2018-05", "2018-06", "2018-07", "2018-08", "2018-09", "2018-10", "2018-11", "2018-12", "2019-01"], "site": [103, 114, 110, 112, 93]}, "presence_by_category": [["E-Commerce", 37.5], ["Entertainment", 25.0], ["Business", 15.625], ["News and Portals", 15.625], ["Recreation", 3.125], ["Reference", 3.125]]}