{"id": "apicit.net", "name": "apicit.net", "category": "advertising", "website_url": null, "ghostery_id": "", "company_id": null, "company_name": null, "iab_vendor": null, "truste_type": null, "description": null, "truste_privacy_url": null, "privacy_url": null, "date_range": ["2018-05", "2019-01"], "overview": {"reach": 0.00013306298114255724, "site_reach_top10k": 17, "site_avg_frequency": 0.11417721115755634, "cookies": 0.5490937323806971, "bad_qs": 0.13003854294719525, "tracked": 0.6110304923699753, "https": 0.8278137737889473, "requests": 1.951992309896387, "requests_tracking": 0.9630930484051353, "content_length": 171.30661515283157, "requests_failed": 0.7645645201541718, "has_blocking": 0.0, "script": 0.9972918264920372, "iframe": 0.0, "beacon": 0.0, "image": 0.0014234086014548344, "stylesheet": 0.0, "font": 0.0, "xhr": 0.002366185727093751, "plugin": 0.0, "media": 0.0, "referer_leaked": 0.6111968648039116, "referer_leaked_header": 0.5774694752798292, "referer_leaked_url": 0.0, "hosts": 1.0, "reach_rank": 984, "site_reach_rank": 819}, "reach_time_series": {"page": [0.0002377681659637868, 0.0002012352581157778, 0.0001712449441363493, 0.00012399325583880544, 0.00012579524695238915, 0.00014129504279474642, 0.00015290108179851026, 0.00015446437097547, 0.00013306298114255724], "ts": ["2018-05", "2018-06", "2018-07", "2018-08", "2018-09", "2018-10", "2018-11", "2018-12", "2019-01"], "site": [14, 18, 11, 12, 17]}, "presence_by_category": []}