{"id": "ask.com", "name": "Ask.com", "category": "social_media", "website_url": null, "ghostery_id": "c_679", "company_id": null, "company_name": null, "iab_vendor": null, "truste_type": null, "description": null, "truste_privacy_url": null, "privacy_url": null, "date_range": ["2017-05", "2019-01"], "overview": {"reach": 9.968746821388872e-05, "site_reach_top10k": 9, "site_avg_frequency": 0.1454817287808371, "cookies": 0.7423692846744145, "bad_qs": 0.0028746267920152, "tracked": 0.7432822562735953, "https": 0.3670145828706788, "requests": 3.5706072494879955, "requests_tracking": 1.5117575937029635, "content_length": 861.504873294347, "requests_failed": 0.8755397636143806, "has_blocking": 0.0, "script": 0.1643595627606287, "iframe": 0.6155032447504133, "beacon": 0.0, "image": 0.0767759765094875, "stylesheet": 0.003960322747797764, "font": 0.0, "xhr": 0.14950526809287634, "plugin": 0.0, "media": 0.0, "referer_leaked": 0.9365978236731068, "referer_leaked_header": 0.9364867865867199, "referer_leaked_url": 0.0, "hosts": 1.0, "reach_rank": 1011, "site_reach_rank": 953}, "reach_time_series": {"page": [0.0008197769705144968, 0.0010549282381266565, 0.0009062096024639899, 0.0008704958372914009, 0.0013093456778043569, 0.0012791530983610772, 0.0013906774857924801, 0.0012661056450738956, 0.0011300708600431872, 0.0005211413576875785, 0.000286256162288691, 0.0002810849898786008, 0.00034485937142019927, 0.0002987200521595221, 0.00029028722580541014, 0.0002268556132180448, 0.00014811932653628924, 0.00012406650412167443, 0.00011481065324779163, 0.00013201630455391414, 9.968746821388872e-05], "ts": ["2017-05", "2017-06", "2017-07", "2017-08", "2017-09", "2017-10", "2017-11", "2017-12", "2018-01", "2018-02", "2018-03", "2018-04", "2018-05", "2018-06", "2018-07", "2018-08", "2018-09", "2018-10", "2018-11", "2018-12", "2019-01"], "site": [8, 7, 8, 10, 9]}, "presence_by_category": [["News and Portals", 50.0], ["Business", 25.0], ["Reference", 25.0]]}