{"id": "autoscout24.com", "name": "Autoscout24", "category": "misc", "website_url": null, "ghostery_id": "", "company_id": "scout24", "company_name": "Scout 24", "iab_vendor": null, "truste_type": null, "description": null, "truste_privacy_url": null, "privacy_url": null, "date_range": ["2017-05", "2019-01"], "overview": {"reach": 5.0124148926111416e-05, "site_reach_top10k": 5, "site_avg_frequency": 0.21956116389532848, "cookies": 0.01567905778432094, "bad_qs": 0.0, "tracked": 0.01567905778432094, "https": 0.9623604465709729, "requests": 19.73868237026132, "requests_tracking": 0.11878297141455037, "content_length": 390822.3694025273, "requests_failed": 5.55978407557355, "has_blocking": 0.0, "script": 0.3245000613421666, "iframe": 0.004097656729235677, "beacon": 0.0, "image": 0.6828609986504723, "stylesheet": 0.004612930928720402, "font": 7.36105999263894e-05, "xhr": 0.13966384492700282, "plugin": 0.0, "media": 0.0, "referer_leaked": 0.8703471966629861, "referer_leaked_header": 0.8703471966629861, "referer_leaked_url": 0.0, "hosts": 1.1481536007851798, "reach_rank": 1062, "site_reach_rank": 1032}, "reach_time_series": {"page": [0.0017406632263070297, 0.001691241885034551, 0.0016741838418402523, 0.0011159403419836026, 0.00019262525400006746, 9.256655234638535e-05, 2.9037040626862365e-05, 2.723875381224816e-05, 2.365490765033073e-05, 1.0537197841062273e-05, 6.400265845323105e-06, 5.031133130267602e-05, 5.454256240963575e-05, 4.411370384782058e-05, 5.854134897522938e-05, 6.620890042589766e-05, 4.787803713009123e-05, 5.458415557804452e-05, 6.170943187924758e-05, 5.7417509478804416e-05, 5.0124148926111416e-05], "ts": ["2017-05", "2017-06", "2017-07", "2017-08", "2017-09", "2017-10", "2017-11", "2017-12", "2018-01", "2018-02", "2018-03", "2018-04", "2018-05", "2018-06", "2018-07", "2018-08", "2018-09", "2018-10", "2018-11", "2018-12", "2019-01"], "site": [5, 5, 5, 5, 5]}, "presence_by_category": [["E-Commerce", 66.66666666666667], ["News and Portals", 33.333333333333336]]}