{"id": "bahn_de", "name": "Deutsche Bahn", "category": "misc", "website_url": null, "ghostery_id": null, "company_id": null, "company_name": null, "iab_vendor": null, "truste_type": null, "description": null, "truste_privacy_url": null, "privacy_url": null, "date_range": ["2017-05", "2019-01"], "overview": {"reach": 0.0006029066198838653, "site_reach_top10k": 2, "site_avg_frequency": 0.4962737078819167, "cookies": 0.024507763987825674, "bad_qs": 0.0, "tracked": 0.024507763987825674, "https": 0.9928622718334108, "requests": 31.092802705768115, "requests_tracking": 0.12105578810800226, "content_length": 198344.3027955252, "requests_failed": 8.777906293603584, "has_blocking": 0.0, "script": 0.9673875792514259, "iframe": 0.005342586472791364, "beacon": 0.0, "image": 0.8095660652941993, "stylesheet": 0.7938544956059828, "font": 0.20832823349897595, "xhr": 0.004640849265215866, "plugin": 0.0, "media": 1.0199668714760144e-05, "referer_leaked": 0.7984300669914242, "referer_leaked_header": 0.798262792424502, "referer_leaked_url": 0.0, "hosts": 1.0067338212854846, "reach_rank": 693, "site_reach_rank": 1083}, "reach_time_series": {"page": [0.0036014692445682224, 0.003649481472438163, 0.003805487241332209, 0.0038096913189853508, 0.0036281782799616096, 0.004471335653540312, 0.0036396350381466816, 0.002543985050557291, 0.0026502803760151492, 0.0017664871964163634, 0.0011517253581426969, 0.0011178989598714933, 0.0013055415442262681, 0.0010968950846780802, 0.001229744050316772, 0.0009530406955028358, 0.0005317006794522968, 0.0006962277001966644, 0.0008381459410341867, 0.0008903088919890478, 0.0006029066198838653], "ts": ["2017-05", "2017-06", "2017-07", "2017-08", "2017-09", "2017-10", "2017-11", "2017-12", "2018-01", "2018-02", "2018-03", "2018-04", "2018-05", "2018-06", "2018-07", "2018-08", "2018-09", "2018-10", "2018-11", "2018-12", "2019-01"], "site": [2, 1, 1, 3, 2]}, "presence_by_category": [["Recreation", 100.0]]}