{"id": "bangdom.com", "name": "BangBros", "category": "pornvertising", "website_url": null, "ghostery_id": "bangdom.com", "company_id": null, "company_name": null, "iab_vendor": null, "truste_type": null, "description": null, "truste_privacy_url": null, "privacy_url": null, "date_range": ["2017-05", "2019-01"], "overview": {"reach": 0.0002752665014783143, "site_reach_top10k": 11, "site_avg_frequency": 0.5325581470189167, "cookies": 0.0452250529457496, "bad_qs": 0.0, "tracked": 0.0452250529457496, "https": 0.9956883841046583, "requests": 1.0348593028139437, "requests_tracking": 0.05123897522049559, "content_length": 4.636264934275783, "requests_failed": 0.9712618513587175, "has_blocking": 0.0, "script": 0.996447943381558, "iframe": 0.0, "beacon": 0.0, "image": 0.0, "stylesheet": 0.0, "font": 0.0, "xhr": 0.0, "plugin": 0.0, "media": 0.0, "referer_leaked": 0.060380494517769216, "referer_leaked_header": 0.060380494517769216, "referer_leaked_url": 0.0, "hosts": 1.0, "reach_rank": 861, "site_reach_rank": 910}, "reach_time_series": {"page": [0.0014479395496965143, 0.0015342398255443355, 0.0014381192058434658, 0.0012659907406659691, 0.0010387561684564654, 0.0012295494453102114, 0.0015442100928030973, 0.0015005753104829719, 0.0008248472572181638, 0.00032087654252094315, 0.0004842564623459433, 9.473282724686034e-05, 0.00012702771186214176, 0.00010179276291249844, 0.00011621141196648527, 7.131176769090867e-05, 0.00010330378907732582, 0.0004614284745352499, 0.00041518783830478, 0.0004598261925791504, 0.0002752665014783143], "ts": ["2017-05", "2017-06", "2017-07", "2017-08", "2017-09", "2017-10", "2017-11", "2017-12", "2018-01", "2018-02", "2018-03", "2018-04", "2018-05", "2018-06", "2018-07", "2018-08", "2018-09", "2018-10", "2018-11", "2018-12", "2019-01"], "site": [10, 12, 12, 12, 11]}, "presence_by_category": [["Adult", 100.0]]}