{"id": "bigpoint", "name": "Bigpoint", "category": "misc", "website_url": null, "ghostery_id": "c_1959", "company_id": null, "company_name": null, "iab_vendor": null, "truste_type": null, "description": null, "truste_privacy_url": null, "privacy_url": null, "date_range": ["2018-11", "2019-01"], "overview": {"reach": 0.00010095794412704472, "site_reach_top10k": 3, "site_avg_frequency": 0.9564239255311829, "cookies": 0.7095886072094242, "bad_qs": 0.0003898303019966621, "tracked": 0.7095886072094242, "https": 0.9380413463764056, "requests": 262.1235274769452, "requests_tracking": 67.24567836563646, "content_length": 19111038.08656669, "requests_failed": 87.60684395823942, "has_blocking": 0.0, "script": 0.7942305115304494, "iframe": 0.023219267362676186, "beacon": 0.0, "image": 0.9640137902469331, "stylesheet": 0.8306187337824503, "font": 0.004872878774958276, "xhr": 0.7988597463666598, "plugin": 0.40181758378305943, "media": 0.0, "referer_leaked": 0.928234677841802, "referer_leaked_header": 0.9275402926163704, "referer_leaked_url": 0.0, "hosts": 3.5023328907135114, "reach_rank": 1008, "site_reach_rank": 1063}, "reach_time_series": {"page": [0.00011291082720780699, 0.00016019249826924634, 0.00010095794412704472], "ts": ["2018-11", "2018-12", "2019-01"], "site": [3, 4, 3]}, "presence_by_category": [["Entertainment", 100.0]]}