{"id": "bodelen.com", "name": "bodelen.com", "category": "advertising", "website_url": null, "ghostery_id": null, "company_id": null, "company_name": null, "iab_vendor": null, "truste_type": null, "description": null, "truste_privacy_url": null, "privacy_url": null, "date_range": ["2018-11", "2019-01"], "overview": {"reach": 0.0026598329509641546, "site_reach_top10k": 174, "site_avg_frequency": 0.32446025161287956, "cookies": 0.04657551348801938, "bad_qs": 0.0010339119417754061, "tracked": 0.046925082999639336, "https": 0.8693155650911377, "requests": 1.6799404437128351, "requests_tracking": 0.06238058686987321, "content_length": 32.0845435713427, "requests_failed": 1.621514708738313, "has_blocking": 0.0, "script": 0.9992837524160062, "iframe": 0.00010403854512498497, "beacon": 0.0, "image": 0.0028451074140179223, "stylesheet": 1.3871806016664663e-06, "font": 3.699148271110577e-06, "xhr": 0.0002607899531132957, "plugin": 0.0, "media": 0.0, "referer_leaked": 0.038564083119861654, "referer_leaked_header": 0.03842444027262723, "referer_leaked_url": 0.0, "hosts": 1.0, "reach_rank": 252, "site_reach_rank": 210}, "reach_time_series": {"page": [0.0020901914986603625, 0.0032810744101601026, 0.0026598329509641546], "ts": ["2018-11", "2018-12", "2019-01"], "site": [180, 194, 174]}, "presence_by_category": [["Entertainment", 93.18181818181819], ["Business", 4.545454545454546], ["Adult", 2.272727272727273]]}