{"id": "bongacams.com", "name": "bongacams.com", "category": "pornvertising", "website_url": null, "ghostery_id": "bongacams.com", "company_id": null, "company_name": null, "iab_vendor": null, "truste_type": null, "description": null, "truste_privacy_url": null, "privacy_url": null, "date_range": ["2017-06", "2019-01"], "overview": {"reach": 0.0001979765520006154, "site_reach_top10k": 19, "site_avg_frequency": 0.20933275506583468, "cookies": 0.15798497866075256, "bad_qs": 0.02919159351684465, "tracked": 0.18546818992240838, "https": 0.7626963863056079, "requests": 3.612924067067981, "requests_tracking": 1.2217107429288505, "content_length": 379465.81592336507, "requests_failed": 2.08182219157488, "has_blocking": 0.0, "script": 0.4717806312938355, "iframe": 0.45155959769150966, "beacon": 0.0, "image": 0.07743630840337701, "stylesheet": 0.008293419311553012, "font": 0.0008386603798199675, "xhr": 0.0044293692652713846, "plugin": 0.0022737014741785787, "media": 0.0394667362444167, "referer_leaked": 0.17455318038652926, "referer_leaked_header": 0.17455318038652926, "referer_leaked_url": 0.0, "hosts": 1.0, "reach_rank": 928, "site_reach_rank": 788}, "reach_time_series": {"page": [0.001129582717414254, 0.0010278688879097344, 0.0011981381539067366, 0.0005948202546825812, 0.0005405901807037472, 0.0005992481994172845, 0.0007531388145190297, 0.000685396243284848, 0.0008534607745582371, 0.0008366624868318389, 0.0008578168472991318, 0.0010025195455289156, 0.001035618781805187, 0.001064063676144982, 0.0007258694961541457, 0.0005016719679032878, 0.00032523215806289893, 0.00024325960141379998, 0.00026067623614217775, 0.0001979765520006154], "ts": ["2017-06", "2017-07", "2017-08", "2017-09", "2017-10", "2017-11", "2017-12", "2018-01", "2018-02", "2018-03", "2018-04", "2018-05", "2018-06", "2018-07", "2018-08", "2018-09", "2018-10", "2018-11", "2018-12", "2019-01"], "site": [26, 25, 22, 25, 19]}, "presence_by_category": [["Adult", 85.71428571428571], ["Entertainment", 14.285714285714286]]}