{"id": "booking.com", "name": "Booking.com", "category": "misc", "website_url": null, "ghostery_id": "c_1707", "company_id": null, "company_name": null, "iab_vendor": null, "truste_type": null, "description": null, "truste_privacy_url": null, "privacy_url": null, "date_range": ["2017-05", "2019-01"], "overview": {"reach": 0.001741332980892902, "site_reach_top10k": 41, "site_avg_frequency": 0.13033229125837134, "cookies": 0.14942596117512863, "bad_qs": 0.004624093739074546, "tracked": 0.1511090550166155, "https": 0.9648061758172681, "requests": 117.58861457292288, "requests_tracking": 3.147741454749637, "content_length": 2049041.7069439099, "requests_failed": 41.65652808040428, "has_blocking": 0.0, "script": 0.8585614950789104, "iframe": 0.14970565280804043, "beacon": 0.0004555583414851202, "image": 0.9040587069912314, "stylesheet": 0.8725962234566637, "font": 0.4534090949221137, "xhr": 0.24618302144655665, "plugin": 0.07547224449003952, "media": 1.412584004605024e-05, "referer_leaked": 0.2598384710190734, "referer_leaked_header": 0.2596774364425484, "referer_leaked_url": 0.0, "hosts": 1.1096638403215042, "reach_rank": 352, "site_reach_rank": 583}, "reach_time_series": {"page": [0.0037681936656319207, 0.0044331886527954716, 0.0050640221344470755, 0.00490147128174554, 0.00398226593966631, 0.0033262096309715464, 0.0025825436609767266, 0.002416968450420644, 0.00391448983041324, 0.0024111372851622114, 0.0018871798513015927, 0.002006167633884738, 0.0026695382473477824, 0.002342331707008802, 0.002864321901989966, 0.002373148864360768, 0.0016580885815502655, 0.0015752611340720249, 0.0015221338811407476, 0.001554205037907771, 0.001741332980892902], "ts": ["2017-05", "2017-06", "2017-07", "2017-08", "2017-09", "2017-10", "2017-11", "2017-12", "2018-01", "2018-02", "2018-03", "2018-04", "2018-05", "2018-06", "2018-07", "2018-08", "2018-09", "2018-10", "2018-11", "2018-12", "2019-01"], "site": [42, 42, 46, 40, 41]}, "presence_by_category": [["Recreation", 77.77777777777777], ["Reference", 22.22222222222222]]}