{"id": "boudja.com", "name": "boudja.com", "category": "unknown", "website_url": null, "ghostery_id": null, "company_id": null, "company_name": null, "iab_vendor": null, "truste_type": null, "description": null, "truste_privacy_url": null, "privacy_url": null, "date_range": ["2018-05", "2019-01"], "overview": {"reach": 0.0003569434670085084, "site_reach_top10k": 66, "site_avg_frequency": 0.13302229910184843, "cookies": 0.34279728761232703, "bad_qs": 0.0, "tracked": 0.34279728761232703, "https": 0.8646424830475771, "requests": 1.6366255030597057, "requests_tracking": 0.5177380230442693, "content_length": 1958.470040382601, "requests_failed": 1.0725370748111804, "has_blocking": 0.0, "script": 6.891228843927449e-06, "iframe": 0.8848544572468162, "beacon": 0.0, "image": 0.26097428193395444, "stylesheet": 0.0, "font": 0.0, "xhr": 0.10456406086333316, "plugin": 0.0, "media": 0.0, "referer_leaked": 0.3199942113677711, "referer_leaked_header": 0.3199942113677711, "referer_leaked_url": 0.0, "hosts": 1.0, "reach_rank": 812, "site_reach_rank": 446}, "reach_time_series": {"page": [0.0013818103034670566, 0.0013128836608375365, 0.0008773882248426488, 0.0008807982161723968, 0.0010484340782744787, 0.0008641027011737951, 0.0007594464298924148, 0.0005218788407383781, 0.0003569434670085084], "ts": ["2018-05", "2018-06", "2018-07", "2018-08", "2018-09", "2018-10", "2018-11", "2018-12", "2019-01"], "site": [123, 94, 80, 79, 66]}, "presence_by_category": [["Entertainment", 62.5], ["Business", 37.5]]}