{"id": "brightonclick.com", "name": "brightonclick.com", "category": "advertising", "website_url": null, "ghostery_id": null, "company_id": null, "company_name": null, "iab_vendor": null, "truste_type": null, "description": null, "truste_privacy_url": null, "privacy_url": null, "date_range": ["2017-10", "2019-01"], "overview": {"reach": 9.249999363839626e-05, "site_reach_top10k": 8, "site_avg_frequency": 0.2868369911070905, "cookies": 0.010051854806541683, "bad_qs": 0.0, "tracked": 0.010051854806541683, "https": 0.0005318441696582901, "requests": 2.22135354341178, "requests_tracking": 0.02551522403935647, "content_length": 1.3376811594202898, "requests_failed": 2.162478393830608, "has_blocking": 0.0, "script": 0.9999335194787927, "iframe": 0.009706156096263794, "beacon": 0.0, "image": 0.0, "stylesheet": 0.0, "font": 0.0, "xhr": 2.6592208482914504e-05, "plugin": 0.0, "media": 0.0, "referer_leaked": 0.014559234144395692, "referer_leaked_header": 0.013562026326286399, "referer_leaked_url": 0.0, "hosts": 1.0, "reach_rank": 1015, "site_reach_rank": 977}, "reach_time_series": {"page": [0.0011005218723451188, 0.001646728137266808, 0.00018277967511396426, 1.8729416269558946e-05, 3.0955558616277703e-05, 5.199595818526057e-05, 6.0422850541818825e-05, 8.37043048971643e-05, 0.00013076827955028347, 0.00012493398875027927, 0.00012270416672888125, 0.00011916549745084431, 6.358264410480519e-05, 9.792892908260492e-05, 0.0001254150248834649, 9.249999363839626e-05], "ts": ["2017-10", "2017-11", "2017-12", "2018-01", "2018-02", "2018-03", "2018-04", "2018-05", "2018-06", "2018-07", "2018-08", "2018-09", "2018-10", "2018-11", "2018-12", "2019-01"], "site": [10, 10, 8, 9, 8]}, "presence_by_category": [["Business", 100.0]]}