{"id": "bumlam.com", "name": "bumlam.com", "category": "unknown", "website_url": null, "ghostery_id": null, "company_id": null, "company_name": null, "iab_vendor": null, "truste_type": null, "description": null, "truste_privacy_url": null, "privacy_url": null, "date_range": ["2017-10", "2019-01"], "overview": {"reach": 0.000699831756151047, "site_reach_top10k": 82, "site_avg_frequency": 0.11387124053189476, "cookies": 0.483097254929528, "bad_qs": 0.12836982882851217, "tracked": 0.51027731889916, "https": 0.9620136374819865, "requests": 2.935946012442445, "requests_tracking": 1.069426382200977, "content_length": 64.34387016273593, "requests_failed": 1.408929387367755, "has_blocking": 0.0, "script": 0.01113317633826579, "iframe": 0.0008031352149309339, "beacon": 0.0, "image": 0.990766581139503, "stylesheet": 0.0, "font": 0.0, "xhr": 0.002548240835120031, "plugin": 1.757407472496573e-06, "media": 0.0, "referer_leaked": 0.8032213278970862, "referer_leaked_header": 0.8032213278970862, "referer_leaked_url": 0.0, "hosts": 1.0, "reach_rank": 648, "site_reach_rank": 385}, "reach_time_series": {"page": [0.0009199968952582442, 0.0013580629863614868, 0.0011203910405679998, 0.00045134651378791964, 0.0007587827456920974, 0.0007882194755348736, 0.0009178380515273052, 0.0007282051486555832, 0.0008739583371686615, 0.0006524150580217192, 0.0004923732018988774, 0.0006835598646817651, 0.0008458228787229096, 0.0006273784214753331, 0.0005433484810924566, 0.000699831756151047], "ts": ["2017-10", "2017-11", "2017-12", "2018-01", "2018-02", "2018-03", "2018-04", "2018-05", "2018-06", "2018-07", "2018-08", "2018-09", "2018-10", "2018-11", "2018-12", "2019-01"], "site": [70, 75, 63, 53, 82]}, "presence_by_category": [["Entertainment", 50.0], ["News and Portals", 35.714285714285715], ["Business", 14.285714285714286]]}