{"id": "cdn-net.com", "name": "cdn-net.com", "category": "unknown", "website_url": null, "ghostery_id": "cdn-net.com", "company_id": null, "company_name": null, "iab_vendor": null, "truste_type": null, "description": null, "truste_privacy_url": null, "privacy_url": null, "date_range": ["2017-06", "2019-01"], "overview": {"reach": 0.0002249332713273854, "site_reach_top10k": 39, "site_avg_frequency": 0.12307283010952857, "cookies": 0.6172049713214026, "bad_qs": 0.005517007583835004, "tracked": 0.617472893394354, "https": 0.9976652505071382, "requests": 3.4069845644079195, "requests_tracking": 0.9976652505071382, "content_length": 20281.56372991268, "requests_failed": 1.1386141320691785, "has_blocking": 0.0, "script": 0.8352826031089896, "iframe": 0.5989042533996031, "beacon": 0.0, "image": 0.0010498171021767302, "stylesheet": 1.093559481434094e-05, "font": 0.0, "xhr": 0.001957471471767028, "plugin": 0.08676300925698101, "media": 0.0, "referer_leaked": 0.6373428691720114, "referer_leaked_header": 0.6373428691720114, "referer_leaked_url": 0.0, "hosts": 1.0, "reach_rank": 912, "site_reach_rank": 597}, "reach_time_series": {"page": [0.0006786257019405078, 0.0007110072789662927, 0.0006714681481180936, 0.0006393852498876815, 0.000642549738361877, 0.0004266119623926083, 0.00020720545481756438, 0.00017694121902899908, 0.0002283872318840489, 0.00030138857378344717, 0.000304553447840137, 0.00032834907416223985, 0.0002234601695756639, 0.00024671644864402993, 0.00021618987178572617, 0.00021953232057541475, 0.00020965602197537528, 0.00020345234654304452, 0.0001954777623989085, 0.0002249332713273854], "ts": ["2017-06", "2017-07", "2017-08", "2017-09", "2017-10", "2017-11", "2017-12", "2018-01", "2018-02", "2018-03", "2018-04", "2018-05", "2018-06", "2018-07", "2018-08", "2018-09", "2018-10", "2018-11", "2018-12", "2019-01"], "site": [34, 37, 42, 40, 39]}, "presence_by_category": [["Recreation", 50.0], ["Business", 16.666666666666668], ["Entertainment", 16.666666666666668], ["Banking", 8.333333333333334], ["E-Commerce", 8.333333333333334]]}