{"id": "cdn13.com", "name": "cdn13.com", "category": "misc", "website_url": null, "ghostery_id": "cdn13.com", "company_id": null, "company_name": null, "iab_vendor": null, "truste_type": null, "description": null, "truste_privacy_url": null, "privacy_url": null, "date_range": ["2017-05", "2019-01"], "overview": {"reach": 0.0013696394484182949, "site_reach_top10k": 53, "site_avg_frequency": 0.17014921066558686, "cookies": 0.00012212336615099477, "bad_qs": 0.026074236639164965, "tracked": 0.026196360005315958, "https": 0.9729128577945239, "requests": 57.71926532019669, "requests_tracking": 0.16409159970834067, "content_length": 186170334.44882673, "requests_failed": 11.267023638055077, "has_blocking": 0.0, "script": 0.0001984504699953665, "iframe": 0.0002577162212157022, "beacon": 0.0, "image": 0.012857076151102523, "stylesheet": 0.0005818819210723868, "font": 3.591863710323375e-05, "xhr": 0.8532499182851006, "plugin": 0.003404188831458979, "media": 0.23642365314090522, "referer_leaked": 0.5532197466299339, "referer_leaked_header": 0.5528443968722051, "referer_leaked_url": 0.0, "hosts": 1.0, "reach_rank": 423, "site_reach_rank": 508}, "reach_time_series": {"page": [0.0042110674027502236, 0.003843316215084783, 0.003459047218614771, 0.003974759888176836, 0.00395826940378664, 0.004346752083088303, 0.004553365716172432, 0.004216622732084174, 0.0028590856549957654, 0.002090069157225976, 0.0016683194255262502, 0.0016837629130242648, 0.0022591133253421418, 0.0021693612404702707, 0.002167176511482471, 0.0017162349377526282, 0.0013680455405365272, 0.0014187925620841705, 0.001571852015581309, 0.001850993246280929, 0.0013696394484182949], "ts": ["2017-05", "2017-06", "2017-07", "2017-08", "2017-09", "2017-10", "2017-11", "2017-12", "2018-01", "2018-02", "2018-03", "2018-04", "2018-05", "2018-06", "2018-07", "2018-08", "2018-09", "2018-10", "2018-11", "2018-12", "2019-01"], "site": [43, 48, 52, 65, 53]}, "presence_by_category": [["Adult", 100.0]]}