{"id": "cdnsure.com", "name": "cdnsure.com", "category": "unknown", "website_url": null, "ghostery_id": null, "company_id": null, "company_name": null, "iab_vendor": null, "truste_type": null, "description": null, "truste_privacy_url": null, "privacy_url": null, "date_range": ["2018-09", "2019-01"], "overview": {"reach": 0.0017858316149818637, "site_reach_top10k": 367, "site_avg_frequency": 0.028374861779110524, "cookies": 0.8161837322472187, "bad_qs": 0.0, "tracked": 0.8161837322472187, "https": 0.849455175045075, "requests": 1.3766757620042616, "requests_tracking": 1.0619017841278324, "content_length": 22.56886929021932, "requests_failed": 0.29583216829450715, "has_blocking": 0.0, "script": 0.0, "iframe": 0.9999896696064671, "beacon": 0.0, "image": 0.0, "stylesheet": 0.0, "font": 0.0, "xhr": 0.0, "plugin": 0.0, "media": 0.0, "referer_leaked": 0.7650544824954925, "referer_leaked_header": 0.7650544824954925, "referer_leaked_url": 0.0, "hosts": 1.0, "reach_rank": 342, "site_reach_rank": 112}, "reach_time_series": {"page": [0.0005550761039275661, 0.0019075469056727295, 0.002218517644382722, 0.0021670558289263882, 0.0017858316149818637], "ts": ["2018-09", "2018-10", "2018-11", "2018-12", "2019-01"], "site": [81, 431, 523, 499, 367]}, "presence_by_category": [["Adult", 51.61290322580645], ["Reference", 16.129032258064516], ["E-Commerce", 9.67741935483871], ["Entertainment", 9.67741935483871], ["News and Portals", 9.67741935483871], ["Business", 3.225806451612903]]}