{"id": "clcknads.pro", "name": "clcknads.pro", "category": "pornvertising", "website_url": null, "ghostery_id": null, "company_id": null, "company_name": null, "iab_vendor": null, "truste_type": null, "description": null, "truste_privacy_url": null, "privacy_url": null, "date_range": ["2018-11", "2019-01"], "overview": {"reach": 0.0014687992940119086, "site_reach_top10k": 43, "site_avg_frequency": 0.45568097700572824, "cookies": 0.047424624430501744, "bad_qs": 0.00045802690049763327, "tracked": 0.0475225936212846, "https": 0.8907249971320985, "requests": 2.5942250092735795, "requests_tracking": 0.20198818843243432, "content_length": 470.3915912289942, "requests_failed": 2.3407410322603335, "has_blocking": 0.0, "script": 0.8971993371588767, "iframe": 0.05028164048991294, "beacon": 0.0, "image": 0.07270737440056671, "stylesheet": 0.0, "font": 0.0, "xhr": 0.3635912993310463, "plugin": 0.0, "media": 0.0, "referer_leaked": 0.04606980262976103, "referer_leaked_header": 0.04453160260011907, "referer_leaked_url": 0.0, "hosts": 1.0, "reach_rank": 404, "site_reach_rank": 568}, "reach_time_series": {"page": [0.0010014611516323592, 0.0015095999558568836, 0.0014687992940119086], "ts": ["2018-11", "2018-12", "2019-01"], "site": [22, 34, 43]}, "presence_by_category": [["Adult", 77.77777777777777], ["Entertainment", 11.11111111111111], ["News and Portals", 11.11111111111111]]}