{"id": "congstar.de", "name": "congstar.de", "category": "advertising", "website_url": null, "ghostery_id": "congstar.de", "company_id": null, "company_name": null, "iab_vendor": null, "truste_type": null, "description": null, "truste_privacy_url": null, "privacy_url": null, "date_range": ["2017-05", "2019-01"], "overview": {"reach": 3.307664976613521e-05, "site_reach_top10k": 2, "site_avg_frequency": 0.015535421373019137, "cookies": 0.9723358369896631, "bad_qs": 3.718301479883989e-05, "tracked": 0.9723358369896631, "https": 0.9353015542500186, "requests": 1.773332341786272, "requests_tracking": 1.298616791849483, "content_length": 264.0066185766342, "requests_failed": 0.5520934037331747, "has_blocking": 0.0, "script": 0.0004090131627872388, "iframe": 0.8988621997471555, "beacon": 0.0, "image": 0.045995389306164945, "stylesheet": 0.0, "font": 0.0, "xhr": 7.436602959767977e-05, "plugin": 0.0, "media": 0.04476834981780323, "referer_leaked": 0.39800699040678217, "referer_leaked_header": 0.39800699040678217, "referer_leaked_url": 0.0, "hosts": 1.0, "reach_rank": 1084, "site_reach_rank": 1083}, "reach_time_series": {"page": [0.003082603627919991, 0.003150685929437748, 0.0031159832410684518, 0.0018147530497390645, 0.001178360505084311, 0.0015733157647100648, 0.0010260032601620579, 0.0008928583475083044, 0.0009027139426135496, 0.00016186064782854883, 6.398887665769849e-05, 5.026735542891924e-05, 7.386906922591896e-05, 4.817279065566401e-05, 9.638236812304419e-05, 7.035163700530125e-05, 3.73515117874017e-05, 3.5943892974765866e-05, 6.277612761525923e-05, 8.226829307872267e-05, 3.307664976613521e-05], "ts": ["2017-05", "2017-06", "2017-07", "2017-08", "2017-09", "2017-10", "2017-11", "2017-12", "2018-01", "2018-02", "2018-03", "2018-04", "2018-05", "2018-06", "2018-07", "2018-08", "2018-09", "2018-10", "2018-11", "2018-12", "2019-01"], "site": [8, 2, 6, 11, 2]}, "presence_by_category": []}