{"id": "cpx.to", "name": "cpx.to", "category": "unknown", "website_url": null, "ghostery_id": "cpx.to", "company_id": null, "company_name": null, "iab_vendor": null, "truste_type": null, "description": null, "truste_privacy_url": null, "privacy_url": null, "date_range": ["2017-05", "2019-01"], "overview": {"reach": 0.002014902234781521, "site_reach_top10k": 107, "site_avg_frequency": 0.3543408265855572, "cookies": 0.41819433686203633, "bad_qs": 0.006663089742345474, "tracked": 0.4182260774874121, "https": 0.9181543558819957, "requests": 2.213556421097994, "requests_tracking": 1.1140165991262783, "content_length": 1360.3584816749772, "requests_failed": 0.9865956897451533, "has_blocking": 0.0, "script": 0.9949166167667411, "iframe": 0.0006604491664728658, "beacon": 0.0, "image": 0.005005252463103049, "stylesheet": 0.0, "font": 0.0, "xhr": 0.0010047128724716607, "plugin": 0.0, "media": 0.0, "referer_leaked": 0.43809631936928933, "referer_leaked_header": 0.408501238189588, "referer_leaked_url": 0.0, "hosts": 1.0, "reach_rank": 317, "site_reach_rank": 309}, "reach_time_series": {"page": [0.004254919806107842, 0.004139657602372565, 0.004164655866789409, 0.004106181190107454, 0.003868453798065592, 0.0035208998660688742, 0.0032650989510795386, 0.00297905413656498, 0.0025928476824627106, 0.00197521660356772, 0.001581113736114393, 0.001575743508453022, 0.0017490031840849936, 0.001236307525704738, 0.001424393873710342, 0.0013445547096144516, 0.001450427043218445, 0.001622929344226025, 0.0014582838341163208, 0.0014592233985218886, 0.002014902234781521], "ts": ["2017-05", "2017-06", "2017-07", "2017-08", "2017-09", "2017-10", "2017-11", "2017-12", "2018-01", "2018-02", "2018-03", "2018-04", "2018-05", "2018-06", "2018-07", "2018-08", "2018-09", "2018-10", "2018-11", "2018-12", "2019-01"], "site": [113, 121, 61, 70, 107]}, "presence_by_category": [["Entertainment", 31.57894736842105], ["News and Portals", 31.57894736842105], ["Reference", 15.789473684210526], ["Business", 10.526315789473685], ["E-Commerce", 10.526315789473685]]}