{"id": "cqq5id8n.com", "name": "cqq5id8n.com", "category": "unknown", "website_url": null, "ghostery_id": "cqq5id8n.com", "company_id": null, "company_name": null, "iab_vendor": null, "truste_type": null, "description": null, "truste_privacy_url": null, "privacy_url": null, "date_range": ["2017-06", "2019-01"], "overview": {"reach": 1.2268148338558739e-05, "site_reach_top10k": 3, "site_avg_frequency": 0.04732343027369112, "cookies": 0.9914786967418546, "bad_qs": 0.0, "tracked": 0.9914786967418546, "https": 0.9977944862155389, "requests": 1.9578947368421054, "requests_tracking": 1.3329323308270677, "content_length": 1.6998496240601504, "requests_failed": 0.6885213032581453, "has_blocking": 0.0, "script": 0.0, "iframe": 0.0, "beacon": 0.0, "image": 1.0, "stylesheet": 0.0, "font": 0.0, "xhr": 0.0, "plugin": 0.0, "media": 0.0, "referer_leaked": 0.17664160401002507, "referer_leaked_header": 0.17664160401002507, "referer_leaked_url": 0.0, "hosts": 1.0, "reach_rank": 1107, "site_reach_rank": 1063}, "reach_time_series": {"page": [0.0013344547048430363, 0.0016656220696270082, 0.0017370853089203205, 0.0014493744429579652, 0.0008588918607033472, 0.000888879264199721, 0.000672377182304677, 0.0004262798410921448, 0.00017285648954258297, 8.452375200122007e-05, 8.639500158257443e-05, 6.654101248398288e-05, 4.904259497163046e-05, 5.575582501159669e-05, 4.6776283262600984e-05, 2.7763874046706097e-05, 3.4397003987411736e-05, 5.535259950211266e-05, 3.771584787323752e-05, 1.2268148338558739e-05], "ts": ["2017-06", "2017-07", "2017-08", "2017-09", "2017-10", "2017-11", "2017-12", "2018-01", "2018-02", "2018-03", "2018-04", "2018-05", "2018-06", "2018-07", "2018-08", "2018-09", "2018-10", "2018-11", "2018-12", "2019-01"], "site": [4, 7, 9, 9, 3]}, "presence_by_category": [["Adult", 100.0]]}