{"id": "dailymotion", "name": "Dailymotion", "category": "misc", "website_url": null, "ghostery_id": "c_1475", "company_id": "vivendi", "company_name": "Vivendi", "iab_vendor": null, "truste_type": null, "description": null, "truste_privacy_url": null, "privacy_url": null, "date_range": ["2017-05", "2019-01"], "overview": {"reach": 0.002460572394265248, "site_reach_top10k": 183, "site_avg_frequency": 0.27568310701295173, "cookies": 0.49011593761012073, "bad_qs": 0.029002646646456517, "tracked": 0.49019691149604255, "https": 0.7942358589354933, "requests": 63.67729907104959, "requests_tracking": 2.9262577818653486, "content_length": 8583124.532314328, "requests_failed": 19.193071234526865, "has_blocking": 0.0, "script": 0.9286000264914565, "iframe": 0.5600143953574972, "beacon": 0.0005728152670763679, "image": 0.5411769704270373, "stylesheet": 0.08025961627375172, "font": 0.37332410297679, "xhr": 0.5632373559527053, "plugin": 0.0005588197806207498, "media": 0.002020848276430851, "referer_leaked": 0.9339118134401655, "referer_leaked_header": 0.9174866105680918, "referer_leaked_url": 0.0, "hosts": 2.0688013115770163, "reach_rank": 268, "site_reach_rank": 207}, "reach_time_series": {"page": [0.0009609291148714345, 0.0008225180894632903, 0.0007968379048482654, 0.0006481448472509263, 0.0005519040010583289, 0.0005087372876909362, 0.0004373324139423205, 0.000650878932216412, 0.0006929779444548259, 0.0015836218203294325, 0.0014275900465998339, 0.002072826263325269, 0.002554022598222147, 0.002189861938064878, 0.002040830326862257, 0.0018826879004569027, 0.0019885587104515306, 0.002084277720949632, 0.0019618894318485227, 0.0020524870904808147, 0.002460572394265248], "ts": ["2017-05", "2017-06", "2017-07", "2017-08", "2017-09", "2017-10", "2017-11", "2017-12", "2018-01", "2018-02", "2018-03", "2018-04", "2018-05", "2018-06", "2018-07", "2018-08", "2018-09", "2018-10", "2018-11", "2018-12", "2019-01"], "site": [160, 171, 162, 171, 183]}, "presence_by_category": [["News and Portals", 66.66666666666667], ["Entertainment", 16.666666666666668], ["Business", 8.333333333333334], ["Banking", 2.7777777777777777], ["Political", 2.7777777777777777], ["Reference", 2.7777777777777777]]}