{"id": "datds.net", "name": "datds.net", "category": "extensions", "website_url": null, "ghostery_id": null, "company_id": null, "company_name": null, "iab_vendor": null, "truste_type": null, "description": null, "truste_privacy_url": null, "privacy_url": null, "date_range": ["2018-04", "2019-01"], "overview": {"reach": 0.00033449552280045085, "site_reach_top10k": 39, "site_avg_frequency": 0.023702000651079504, "cookies": 0.9426117394437663, "bad_qs": 0.03160619475534246, "tracked": 0.9453656994102334, "https": 0.8864331622372892, "requests": 1.5249841895489242, "requests_tracking": 1.0661354845351727, "content_length": 901.1056836733193, "requests_failed": 0.5370846998955775, "has_blocking": 0.0, "script": 0.0011030547262218169, "iframe": 0.001231744444281029, "beacon": 0.0, "image": 0.0, "stylesheet": 0.0, "font": 0.0, "xhr": 0.9987792861029812, "plugin": 0.0, "media": 0.0, "referer_leaked": 0.7075948994749459, "referer_leaked_header": 0.7069551277337373, "referer_leaked_url": 0.0, "hosts": 1.0, "reach_rank": 822, "site_reach_rank": 597}, "reach_time_series": {"page": [0.0011986855716876195, 0.0013715209271323028, 0.000982021901698334, 0.0004825142911468903, 0.0003674679556316817, 0.00028219718361546044, 0.0003280981578857476, 0.00028440805160048885, 0.00026028300794417254, 0.00033449552280045085], "ts": ["2018-04", "2018-05", "2018-06", "2018-07", "2018-08", "2018-09", "2018-10", "2018-11", "2018-12", "2019-01"], "site": [14, 35, 34, 31, 39]}, "presence_by_category": []}