{"id": "dcbap.com", "name": "dcbap.com", "category": "extensions", "website_url": null, "ghostery_id": null, "company_id": null, "company_name": null, "iab_vendor": null, "truste_type": null, "description": null, "truste_privacy_url": null, "privacy_url": null, "date_range": ["2017-12", "2019-01"], "overview": {"reach": 6.750617804579569e-05, "site_reach_top10k": 3, "site_avg_frequency": 0.012593091227481585, "cookies": 3.643783704999271e-05, "bad_qs": 0.0, "tracked": 3.643783704999271e-05, "https": 0.8527000437254044, "requests": 1.3437181168925814, "requests_tracking": 3.643783704999271e-05, "content_length": 65.06983311470631, "requests_failed": 0.9053709371811689, "has_blocking": 0.0, "script": 0.9996356216295, "iframe": 0.0, "beacon": 0.0, "image": 0.0, "stylesheet": 0.0, "font": 0.0, "xhr": 0.00023684594082495263, "plugin": 0.0, "media": 0.0, "referer_leaked": 0.1859422824661128, "referer_leaked_header": 0.1859422824661128, "referer_leaked_url": 0.0, "hosts": 1.0, "reach_rank": 1046, "site_reach_rank": 1063}, "reach_time_series": {"page": [0.0014372133868954151, 0.0009771714768621591, 0.0007389739748746295, 0.0003896306542193532, 0.0004159032919172268, 0.00046867047751772883, 0.0004235048990701779, 0.0007226329347747345, 0.00012425267833603084, 9.669496186217638e-05, 7.531447045388093e-05, 8.372477976718111e-05, 8.556274034389999e-05, 6.750617804579569e-05], "ts": ["2017-12", "2018-01", "2018-02", "2018-03", "2018-04", "2018-05", "2018-06", "2018-07", "2018-08", "2018-09", "2018-10", "2018-11", "2018-12", "2019-01"], "site": [4, 4, 5, 6, 3]}, "presence_by_category": []}