{"id": "defpush.com", "name": "defpush.com", "category": "unknown", "website_url": null, "ghostery_id": null, "company_id": null, "company_name": null, "iab_vendor": null, "truste_type": null, "description": null, "truste_privacy_url": null, "privacy_url": null, "date_range": ["2018-04", "2019-01"], "overview": {"reach": 0.00023600350723669536, "site_reach_top10k": 7, "site_avg_frequency": 0.7397133841760853, "cookies": 0.043577049351190784, "bad_qs": 0.0, "tracked": 0.043577049351190784, "https": 0.9667048830058887, "requests": 1.43112720829642, "requests_tracking": 0.06559487206211892, "content_length": 0.5050185001823961, "requests_failed": 1.3635468237010788, "has_blocking": 0.0, "script": 0.9996143623951222, "iframe": 0.0, "beacon": 0.0, "image": 0.0, "stylesheet": 0.0, "font": 0.0, "xhr": 0.00025014331127208296, "plugin": 0.0, "media": 0.0, "referer_leaked": 0.03677627807598103, "referer_leaked_header": 0.03677627807598103, "referer_leaked_url": 0.0, "hosts": 1.0, "reach_rank": 899, "site_reach_rank": 996}, "reach_time_series": {"page": [0.0011126453088200164, 0.0010514619354962357, 0.0006619698345448736, 0.0004424318969027571, 0.0005322172881222182, 0.00034002376792656805, 0.0003335623304737639, 0.0002763464323585768, 0.0002949583039241731, 0.00023600350723669536], "ts": ["2018-04", "2018-05", "2018-06", "2018-07", "2018-08", "2018-09", "2018-10", "2018-11", "2018-12", "2019-01"], "site": [13, 11, 8, 7, 7]}, "presence_by_category": [["Entertainment", 100.0]]}