{"id": "deviantart.net", "name": "deviantart.net", "category": "misc", "website_url": null, "ghostery_id": "", "company_id": null, "company_name": null, "iab_vendor": null, "truste_type": null, "description": null, "truste_privacy_url": null, "privacy_url": null, "date_range": ["2018-07", "2019-01"], "overview": {"reach": 0.001370919763447913, "site_reach_top10k": 50, "site_avg_frequency": 0.08187577995507166, "cookies": 0.007127676467184429, "bad_qs": 0.0, "tracked": 0.007127676467184429, "https": 0.919041437413259, "requests": 3.535829919016318, "requests_tracking": 0.07296695252133144, "content_length": 156960.96375426248, "requests_failed": 1.4860680614603976, "has_blocking": 0.0, "script": 0.01814439981734488, "iframe": 1.7942546172899757e-06, "beacon": 0.0, "image": 0.9934841643573115, "stylesheet": 0.014808880483802815, "font": 0.0066746271763187094, "xhr": 8.97127308644988e-06, "plugin": 0.0001327748416794582, "media": 7.3564439308889e-05, "referer_leaked": 0.5749617150921036, "referer_leaked_header": 0.5403559262884318, "referer_leaked_url": 0.0, "hosts": 1.0089847299960795, "reach_rank": 422, "site_reach_rank": 524}, "reach_time_series": {"page": [0.001562157467600097, 0.001413373881765009, 0.001298839847712117, 0.0012500790371414029, 0.0010281381765968583, 0.0010315676073385956, 0.001370919763447913], "ts": ["2018-07", "2018-08", "2018-09", "2018-10", "2018-11", "2018-12", "2019-01"], "site": [39, 45, 42, 38, 50]}, "presence_by_category": [["Entertainment", 66.66666666666667], ["Adult", 16.666666666666668], ["Business", 16.666666666666668]]}