{"id": "digidip", "name": "Digidip", "category": "advertising", "website_url": null, "ghostery_id": "2938", "company_id": "digidip", "company_name": "Digidip", "iab_vendor": null, "truste_type": null, "description": null, "truste_privacy_url": null, "privacy_url": null, "date_range": ["2017-05", "2019-01"], "overview": {"reach": 0.001241729704522711, "site_reach_top10k": 28, "site_avg_frequency": 0.4458703692805749, "cookies": 0.0006477639762011119, "bad_qs": 0.00011291298667725804, "tracked": 0.0006507353705873556, "https": 0.47730696583985965, "requests": 1.20029377185832, "requests_tracking": 0.0021720892963440954, "content_length": 1897.2609419122111, "requests_failed": 0.6256696780097997, "has_blocking": 0.0, "script": 0.9993769976436843, "iframe": 0.0005665458629771192, "beacon": 0.0, "image": 1.9809295908290885e-05, "stylesheet": 2.9713943862436327e-06, "font": 0.0, "xhr": 0.016841863381228908, "plugin": 0.0, "media": 0.0, "referer_leaked": 0.5718151356887247, "referer_leaked_header": 0.5395963063586849, "referer_leaked_url": 0.0, "hosts": 1.0, "reach_rank": 457, "site_reach_rank": 691}, "reach_time_series": {"page": [0.0018915240226877125, 0.0018473804331975705, 0.0017586001785289183, 0.001698103718801023, 0.0015453932348247785, 0.0014125489237964163, 0.0014380072657711317, 0.001642827793008993, 0.0013540604564014692, 0.0018734499143357747, 0.0016154910468908228, 0.0010638877917234133, 0.0009276400805072621, 0.0009860732911228503, 0.0011053412545083947, 0.0009557846901642097, 0.0009037224691348416, 0.0009012981224554818, 0.0009560820368674029, 0.0009524513324139617, 0.001241729704522711], "ts": ["2017-05", "2017-06", "2017-07", "2017-08", "2017-09", "2017-10", "2017-11", "2017-12", "2018-01", "2018-02", "2018-03", "2018-04", "2018-05", "2018-06", "2018-07", "2018-08", "2018-09", "2018-10", "2018-11", "2018-12", "2019-01"], "site": [30, 32, 34, 32, 28]}, "presence_by_category": [["News and Portals", 42.857142857142854], ["Entertainment", 35.714285714285715], ["Reference", 14.285714285714286], ["Recreation", 7.142857142857143]]}