{"id": "dimml", "name": "DimML", "category": "misc", "website_url": null, "ghostery_id": "c_3410", "company_id": null, "company_name": null, "iab_vendor": null, "truste_type": null, "description": null, "truste_privacy_url": null, "privacy_url": null, "date_range": ["2017-05", "2019-01"], "overview": {"reach": 0.0005569050607553327, "site_reach_top10k": 19, "site_avg_frequency": 0.6077124170056493, "cookies": 0.5636659165343445, "bad_qs": 0.046359502571724505, "tracked": 0.5870466355571554, "https": 0.8413017409106268, "requests": 7.8890260573442665, "requests_tracking": 1.1929201937240648, "content_length": 993.5115401858178, "requests_failed": 2.419399791081891, "has_blocking": 0.0, "script": 0.9800799012387121, "iframe": 0.0, "beacon": 0.0, "image": 0.1136395257161408, "stylesheet": 0.0, "font": 0.0, "xhr": 0.0007243672276831954, "plugin": 0.0, "media": 0.0, "referer_leaked": 0.7933146205132848, "referer_leaked_header": 0.7702960851043155, "referer_leaked_url": 0.0, "hosts": 1.0, "reach_rank": 714, "site_reach_rank": 788}, "reach_time_series": {"page": [0.0011384709359205938, 0.0012342402902704316, 0.0013805135341849058, 0.0010685387283985365, 0.0009380196902840572, 0.0008347780970670139, 0.0009147800659416287, 0.0012810996880602639, 0.001212287873282312, 0.0008235211992048718, 0.0007262978682070598, 0.0008159664741072606, 0.0010538401277282172, 0.0008912877128324886, 0.0010334261515263755, 0.0014369331887553035, 0.001141344721584886, 0.00089933572607023, 0.000652531251403951, 0.000616306245105025, 0.0005569050607553327], "ts": ["2017-05", "2017-06", "2017-07", "2017-08", "2017-09", "2017-10", "2017-11", "2017-12", "2018-01", "2018-02", "2018-03", "2018-04", "2018-05", "2018-06", "2018-07", "2018-08", "2018-09", "2018-10", "2018-11", "2018-12", "2019-01"], "site": [34, 30, 23, 24, 19]}, "presence_by_category": [["News and Portals", 66.66666666666667], ["Recreation", 22.22222222222222], ["Business", 11.11111111111111]]}