{"id": "div.show", "name": "div.show", "category": "extensions", "website_url": null, "ghostery_id": null, "company_id": null, "company_name": null, "iab_vendor": null, "truste_type": null, "description": null, "truste_privacy_url": null, "privacy_url": null, "date_range": ["2018-11", "2019-01"], "overview": {"reach": 0.0006453230509515559, "site_reach_top10k": 72, "site_avg_frequency": 0.02300702003448292, "cookies": 0.7778711644749381, "bad_qs": 0.0, "tracked": 0.7778711644749381, "https": 0.8586030112445207, "requests": 1.051215932914046, "requests_tracking": 0.7865809033733562, "content_length": 36.539971412235566, "requests_failed": 0.38392605298265675, "has_blocking": 0.0, "script": 0.0, "iframe": 0.010594625500285877, "beacon": 0.0, "image": 0.0, "stylesheet": 0.0, "font": 0.0, "xhr": 0.0, "plugin": 0.9894053744997141, "media": 0.0, "referer_leaked": 0.7198017914999048, "referer_leaked_header": 0.7198017914999048, "referer_leaked_url": 0.0, "hosts": 1.0, "reach_rank": 673, "site_reach_rank": 425}, "reach_time_series": {"page": [0.0012118963822260443, 0.0010546999527503808, 0.0006453230509515559], "ts": ["2018-11", "2018-12", "2019-01"], "site": [191, 174, 72]}, "presence_by_category": [["Entertainment", 100.0]]}