{"id": "dynamic_yield", "name": "Dynamic Yield", "category": "misc", "website_url": null, "ghostery_id": "c_2280", "company_id": null, "company_name": null, "iab_vendor": null, "truste_type": null, "description": null, "truste_privacy_url": null, "privacy_url": null, "date_range": ["2017-05", "2019-01"], "overview": {"reach": 0.0018908973902317943, "site_reach_top10k": 48, "site_avg_frequency": 0.6684092698754203, "cookies": 0.8738602090600494, "bad_qs": 0.05511778246229316, "tracked": 0.8792008601238542, "https": 0.9793327015525027, "requests": 25.358848693260867, "requests_tracking": 3.0196994639836143, "content_length": 73591.56222531681, "requests_failed": 19.37926817925491, "has_blocking": 0.0, "script": 0.9954970981226743, "iframe": 3.252131935090048e-06, "beacon": 0.0, "image": 0.07630477159301781, "stylesheet": 0.019397015713651083, "font": 0.0025314594982740937, "xhr": 0.8076728199170966, "plugin": 2.7968334641774415e-05, "media": 0.0, "referer_leaked": 0.9078592971622547, "referer_leaked_header": 0.8756254662744162, "referer_leaked_url": 0.0, "hosts": 1.0, "reach_rank": 334, "site_reach_rank": 538}, "reach_time_series": {"page": [0.0009005734245451951, 0.0009572886573296914, 0.0009486382782631932, 0.001013783955919388, 0.0010005412769637401, 0.004952171675453082, 0.009333089175744906, 0.008979433391662451, 0.008701764184476614, 0.00522883623843007, 0.003463274257483026, 0.0032814591776566724, 0.00404846516068499, 0.0034414821250017334, 0.003428115191210576, 0.0029626049183141003, 0.0018274414134920943, 0.0016189419750401752, 0.002425148407114334, 0.002424561469204335, 0.0018908973902317943], "ts": ["2017-05", "2017-06", "2017-07", "2017-08", "2017-09", "2017-10", "2017-11", "2017-12", "2018-01", "2018-02", "2018-03", "2018-04", "2018-05", "2018-06", "2018-07", "2018-08", "2018-09", "2018-10", "2018-11", "2018-12", "2019-01"], "site": [49, 43, 54, 53, 48]}, "presence_by_category": [["E-Commerce", 44.0], ["Business", 28.0], ["News and Portals", 20.0], ["Recreation", 8.0]]}