{"id": "dyncdn.me", "name": "dyncdn.me", "category": "unknown", "website_url": null, "ghostery_id": null, "company_id": null, "company_name": null, "iab_vendor": null, "truste_type": null, "description": null, "truste_privacy_url": null, "privacy_url": null, "date_range": ["2018-04", "2019-01"], "overview": {"reach": 0.001698347110959973, "site_reach_top10k": 23, "site_avg_frequency": 0.9710694551328898, "cookies": 7.241685458840432e-07, "bad_qs": 0.0, "tracked": 7.241685458840432e-07, "https": 0.9813924892135095, "requests": 19.68484981468527, "requests_tracking": 8.690022550608519e-06, "content_length": 46454.39036812384, "requests_failed": 7.480919607153047, "has_blocking": 0.0, "script": 0.960006343716462, "iframe": 0.0, "beacon": 0.0, "image": 0.92666924470669, "stylesheet": 0.9425951593677719, "font": 0.0, "xhr": 0.0006589933767544794, "plugin": 0.0, "media": 0.0, "referer_leaked": 0.9844912064213474, "referer_leaked_header": 0.9844912064213474, "referer_leaked_url": 0.0, "hosts": 1.0, "reach_rank": 362, "site_reach_rank": 738}, "reach_time_series": {"page": [0.0013285433951664804, 0.0017129379660675663, 0.0014360623204272632, 0.0012936783032448484, 0.0011130829806210352, 0.00156439596778583, 0.0015375651014675699, 0.0014094036457618366, 0.001725661821093103, 0.001698347110959973], "ts": ["2018-04", "2018-05", "2018-06", "2018-07", "2018-08", "2018-09", "2018-10", "2018-11", "2018-12", "2019-01"], "site": [26, 27, 24, 25, 23]}, "presence_by_category": [["Entertainment", 92.85714285714286], ["Adult", 7.142857142857143]]}