{"id": "eanalyzer.de", "name": "eanalyzer.de", "category": "unknown", "website_url": null, "ghostery_id": "eanalyzer.de", "company_id": null, "company_name": null, "iab_vendor": null, "truste_type": null, "description": null, "truste_privacy_url": null, "privacy_url": null, "date_range": ["2017-05", "2019-01"], "overview": {"reach": 5.392450765955969e-05, "site_reach_top10k": 3, "site_avg_frequency": 0.561360293688746, "cookies": 0.9813205610673965, "bad_qs": 0.0, "tracked": 0.9813205610673965, "https": 0.9992017333789486, "requests": 4.332877180978447, "requests_tracking": 3.456289200592998, "content_length": 1063.6820390010264, "requests_failed": 0.6774318622419888, "has_blocking": 0.0, "script": 0.6737142205496636, "iframe": 9.123047097730642e-05, "beacon": 0.0, "image": 0.5081765309613411, "stylesheet": 0.0, "font": 0.0, "xhr": 6.842285323297981e-05, "plugin": 0.0, "media": 0.0, "referer_leaked": 0.8864864864864865, "referer_leaked_header": 0.8864864864864865, "referer_leaked_url": 0.0, "hosts": 1.0, "reach_rank": 1058, "site_reach_rank": 1063}, "reach_time_series": {"page": [0.001574308387897237, 0.001293492867522039, 0.001146395446755251, 0.0010252240267880832, 0.0011048037767347936, 0.0012061426820736867, 0.001055088000239642, 0.0007838651470904161, 0.0007852341757948867, 0.00038879066943264915, 0.00024700560861194633, 0.00025574315969502577, 0.0002948125328570098, 0.00020890698349849073, 0.0001825004043382372, 0.00014347668771805348, 7.054994972531496e-05, 9.78394769218418e-05, 9.566310360272463e-05, 0.00011056524190997772, 5.392450765955969e-05], "ts": ["2017-05", "2017-06", "2017-07", "2017-08", "2017-09", "2017-10", "2017-11", "2017-12", "2018-01", "2018-02", "2018-03", "2018-04", "2018-05", "2018-06", "2018-07", "2018-08", "2018-09", "2018-10", "2018-11", "2018-12", "2019-01"], "site": [5, 6, 5, 5, 3]}, "presence_by_category": [["Business", 33.333333333333336], ["E-Commerce", 33.333333333333336], ["News and Portals", 33.333333333333336]]}