{"id": "elastic_ad", "name": "Elastic Ad", "category": "advertising", "website_url": null, "ghostery_id": "2250", "company_id": "elastic_ad", "company_name": "Elastic Ad", "iab_vendor": null, "truste_type": null, "description": null, "truste_privacy_url": null, "privacy_url": null, "date_range": ["2017-05", "2019-01"], "overview": {"reach": 0.002618170442195365, "site_reach_top10k": 90, "site_avg_frequency": 0.4457199194936327, "cookies": 0.000322249546102589, "bad_qs": 7.046272873963317e-06, "tracked": 0.000322249546102589, "https": 0.7937490164577446, "requests": 1.5675960700587424, "requests_tracking": 0.0008328694537024641, "content_length": 3298.5648278243225, "requests_failed": 1.4116254107389896, "has_blocking": 0.0, "script": 0.9989745324210759, "iframe": 0.002671476922281959, "beacon": 0.0, "image": 0.009636482782432232, "stylesheet": 4.650540096815789e-05, "font": 0.0, "xhr": 0.0003870752565430516, "plugin": 9.395030498617756e-07, "media": 0.0, "referer_leaked": 0.04511587595741233, "referer_leaked_header": 0.04511587595741233, "referer_leaked_url": 0.0, "hosts": 1.0, "reach_rank": 254, "site_reach_rank": 357}, "reach_time_series": {"page": [0.0013834047324376526, 0.0014313406757544482, 0.001548144822118461, 0.0014430246063614409, 0.0012576796668797624, 0.0011175530069762254, 0.0013942787943219718, 0.0017924372847422476, 0.001903874967729404, 0.002874083121550171, 0.002578447151623979, 0.002387086652365986, 0.0031136501951388685, 0.002575724066870915, 0.0022948506784574397, 0.0021079548851867837, 0.002157629091527021, 0.002230336080480519, 0.0021239790259012553, 0.0021477473955188267, 0.002618170442195365], "ts": ["2017-05", "2017-06", "2017-07", "2017-08", "2017-09", "2017-10", "2017-11", "2017-12", "2018-01", "2018-02", "2018-03", "2018-04", "2018-05", "2018-06", "2018-07", "2018-08", "2018-09", "2018-10", "2018-11", "2018-12", "2019-01"], "site": [73, 80, 83, 75, 90]}, "presence_by_category": [["News and Portals", 67.85714285714286], ["Entertainment", 14.285714285714286], ["Business", 7.142857142857143], ["Reference", 7.142857142857143], ["E-Commerce", 3.5714285714285716]]}