{"id": "eluxer_net", "name": "eluxer.net", "category": "extensions", "website_url": null, "ghostery_id": null, "company_id": null, "company_name": null, "iab_vendor": null, "truste_type": null, "description": null, "truste_privacy_url": null, "privacy_url": null, "date_range": ["2017-05", "2019-01"], "overview": {"reach": 4.2418890846806106e-05, "site_reach_top10k": 2, "site_avg_frequency": 0.011682793799533527, "cookies": 0.6340968396636706, "bad_qs": 0.004783995360974195, "tracked": 0.634937663090751, "https": 0.7944621629457814, "requests": 3.001565671209046, "requests_tracking": 1.696375761090171, "content_length": 148.23403885184112, "requests_failed": 1.322586256886054, "has_blocking": 0.0, "script": 0.9685416062626848, "iframe": 0.0, "beacon": 0.0, "image": 5.798782255726298e-05, "stylesheet": 0.0, "font": 0.0, "xhr": 0.03128443026964337, "plugin": 0.0, "media": 0.0, "referer_leaked": 0.4037112206436648, "referer_leaked_header": 0.4037112206436648, "referer_leaked_url": 0.0, "hosts": 1.0, "reach_rank": 1073, "site_reach_rank": 1083}, "reach_time_series": {"page": [0.01439484635752556, 0.01317336770296818, 0.013206632487098717, 0.012689828854570208, 0.011117807287313724, 0.008146222731688954, 0.006440272512685907, 0.005827998674312763, 0.004637010265633842, 0.0030602170609343566, 0.0026500105031063755, 0.001998213864184595, 0.002296946736002104, 0.0015854146491236971, 0.0015446507733868008, 0.001184368003724601, 0.0012071714651564374, 0.0009459651677294858, 0.0009276087251781528, 0.0011965562511094957, 4.2418890846806106e-05], "ts": ["2017-05", "2017-06", "2017-07", "2017-08", "2017-09", "2017-10", "2017-11", "2017-12", "2018-01", "2018-02", "2018-03", "2018-04", "2018-05", "2018-06", "2018-07", "2018-08", "2018-09", "2018-10", "2018-11", "2018-12", "2019-01"], "site": [173, 209, 155, 232, 2]}, "presence_by_category": []}