{"id": "evidon", "name": "Evidon", "category": "essential", "website_url": null, "ghostery_id": "c_242", "company_id": null, "company_name": null, "iab_vendor": null, "truste_type": null, "description": null, "truste_privacy_url": null, "privacy_url": null, "date_range": ["2017-05", "2019-01"], "overview": {"reach": 0.006329539286803058, "site_reach_top10k": 262, "site_avg_frequency": 0.2900334835488296, "cookies": 0.013621289635978657, "bad_qs": 0.0009558083867473932, "tracked": 0.014389589363809352, "https": 0.9319786593772109, "requests": 7.930873621301295, "requests_tracking": 0.09496546051640856, "content_length": 35751.07864968117, "requests_failed": 3.7789861669130187, "has_blocking": 0.0, "script": 0.7907873595458133, "iframe": 0.018550921425322296, "beacon": 0.0, "image": 0.7637264596480394, "stylesheet": 0.05864785077186531, "font": 7.772379644215435e-07, "xhr": 0.008141761986806774, "plugin": 0.0, "media": 0.010212712543007978, "referer_leaked": 0.4837956571440119, "referer_leaked_header": 0.4813794186221164, "referer_leaked_url": 0.0, "hosts": 1.5642030619678227, "reach_rank": 122, "site_reach_rank": 153}, "reach_time_series": {"page": [0.004559541201230619, 0.003741563180329174, 0.002111609802660427, 0.003405103446799797, 0.0020262544303400317, 0.002525190802995399, 0.00431033701474514, 0.003351843212103823, 0.002799038581729541, 0.0031501867330792285, 0.002831285216105307, 0.0027758363081008585, 0.004685113939243579, 0.006067716421265319, 0.0056514783122246, 0.0049827118574559065, 0.004952391494224398, 0.005537191755555276, 0.006031901927021243, 0.005751634289675974, 0.006329539286803058], "ts": ["2017-05", "2017-06", "2017-07", "2017-08", "2017-09", "2017-10", "2017-11", "2017-12", "2018-01", "2018-02", "2018-03", "2018-04", "2018-05", "2018-06", "2018-07", "2018-08", "2018-09", "2018-10", "2018-11", "2018-12", "2019-01"], "site": [162, 185, 184, 183, 262]}, "presence_by_category": [["News and Portals", 34.84848484848485], ["Business", 28.78787878787879], ["Entertainment", 27.272727272727273], ["E-Commerce", 4.545454545454546], ["Reference", 3.0303030303030303], ["Banking", 1.5151515151515151]]}