{"id": "flixmedia", "name": "Flixmedia", "category": "misc", "website_url": null, "ghostery_id": "c_3256", "company_id": null, "company_name": null, "iab_vendor": null, "truste_type": null, "description": null, "truste_privacy_url": null, "privacy_url": null, "date_range": ["2018-04", "2019-01"], "overview": {"reach": 0.0005121518395279167, "site_reach_top10k": 61, "site_avg_frequency": 0.16558010759209207, "cookies": 0.7118589120145238, "bad_qs": 0.017016432888831257, "tracked": 0.7144764553180555, "https": 0.9915734316953275, "requests": 3.455279632871541, "requests_tracking": 0.8052139541473653, "content_length": 53356.66941148501, "requests_failed": 1.361967816224446, "has_blocking": 0.0, "script": 0.9742904416443935, "iframe": 0.0002737614097271751, "beacon": 0.0, "image": 0.8308418643632286, "stylesheet": 0.004118428225281626, "font": 0.009240648286229561, "xhr": 0.0009317493594223154, "plugin": 0.0, "media": 0.0016329627948638518, "referer_leaked": 0.7609414510795565, "referer_leaked_header": 0.6880296622888855, "referer_leaked_url": 0.0, "hosts": 1.0, "reach_rank": 730, "site_reach_rank": 470}, "reach_time_series": {"page": [0.00045918434686865187, 0.0005507060170182146, 0.0005654292528559249, 0.0006259493413858556, 0.0005465256423506296, 0.0004959183391445507, 0.0005113469325850937, 0.0006996464556173597, 0.0006224245043117828, 0.0005121518395279167], "ts": ["2018-04", "2018-05", "2018-06", "2018-07", "2018-08", "2018-09", "2018-10", "2018-11", "2018-12", "2019-01"], "site": [63, 60, 86, 78, 61]}, "presence_by_category": [["E-Commerce", 60.0], ["Business", 36.0], ["Entertainment", 4.0]]}