{"id": "generaltracking_de", "name": "generaltracking.de", "category": "unknown", "website_url": null, "ghostery_id": null, "company_id": null, "company_name": null, "iab_vendor": null, "truste_type": null, "description": null, "truste_privacy_url": null, "privacy_url": null, "date_range": ["2017-05", "2019-01"], "overview": {"reach": 0.00024864923166948344, "site_reach_top10k": 2, "site_avg_frequency": 0.49835903685858135, "cookies": 0.812743604455612, "bad_qs": 0.0, "tracked": 0.812743604455612, "https": 0.9986150406584492, "requests": 2.857655857388758, "requests_tracking": 1.7440149971311556, "content_length": 97.58891933601092, "requests_failed": 1.157583641651663, "has_blocking": 0.0, "script": 0.0, "iframe": 6.924796707753793e-05, "beacon": 0.0, "image": 0.9997032229982391, "stylesheet": 0.0, "font": 0.0, "xhr": 2.4731416813406406e-05, "plugin": 0.0, "media": 0.0, "referer_leaked": 0.7437429515462082, "referer_leaked_header": 0.7425855212393407, "referer_leaked_url": 0.0, "hosts": 1.0, "reach_rank": 885, "site_reach_rank": 1083}, "reach_time_series": {"page": [0.0012678959383747648, 0.0015054613480397791, 0.0015181101860240428, 0.0013890904989374358, 0.0014559694092813574, 0.0016963717092982017, 0.002499916287463983, 0.0015598896061675871, 0.0015699141030904508, 0.0006587345195791354, 0.0003621690484411645, 0.00031901271513136697, 0.0003965857242715112, 0.0003325577492656151, 0.00042090562683031195, 0.0002891892229379671, 0.000183383840255749, 0.00024678636378510206, 0.00043256558802666733, 0.0004134066875043965, 0.00024864923166948344], "ts": ["2017-05", "2017-06", "2017-07", "2017-08", "2017-09", "2017-10", "2017-11", "2017-12", "2018-01", "2018-02", "2018-03", "2018-04", "2018-05", "2018-06", "2018-07", "2018-08", "2018-09", "2018-10", "2018-11", "2018-12", "2019-01"], "site": [1, 2, 2, 3, 2]}, "presence_by_category": [["Reference", 100.0]]}