{"id": "globalsign", "name": "GlobalSign", "category": "misc", "website_url": null, "ghostery_id": "c_2400", "company_id": null, "company_name": null, "iab_vendor": null, "truste_type": null, "description": null, "truste_privacy_url": null, "privacy_url": null, "date_range": ["2017-07", "2019-01"], "overview": {"reach": 0.00022829578937827455, "site_reach_top10k": 25, "site_avg_frequency": 0.09752289551961925, "cookies": 0.6344256907818535, "bad_qs": 0.003086901946418278, "tracked": 0.6350775496571007, "https": 0.9517839922854388, "requests": 4.427355446253967, "requests_tracking": 1.9186199985993115, "content_length": 7732.805686795278, "requests_failed": 1.2180171638212938, "has_blocking": 0.0, "script": 0.9769586743022147, "iframe": 0.0, "beacon": 0.0, "image": 0.9260220985545973, "stylesheet": 0.0004471428648389478, "font": 0.0, "xhr": 0.0037549226119608023, "plugin": 0.0, "media": 0.0, "referer_leaked": 0.9648211697903816, "referer_leaked_header": 0.870069980551979, "referer_leaked_url": 0.0, "hosts": 1.0, "reach_rank": 907, "site_reach_rank": 715}, "reach_time_series": {"page": [0.0010743427349500089, 0.0012168164905617938, 0.0011352973338934484, 0.0012057134318309458, 0.0012606607079876833, 0.0007531133577397659, 0.0004996602508986747, 0.00030664116560287995, 0.00022270554672892804, 0.00018847473147173453, 0.0001928485486193777, 0.00016045965283749218, 0.0001720384945678493, 0.0001722538636989332, 0.0002251551850441806, 0.0002291898757897954, 0.00023681608495879504, 0.00023750363902508474, 0.00022829578937827455], "ts": ["2017-07", "2017-08", "2017-09", "2017-10", "2017-11", "2017-12", "2018-01", "2018-02", "2018-03", "2018-04", "2018-05", "2018-06", "2018-07", "2018-08", "2018-09", "2018-10", "2018-11", "2018-12", "2019-01"], "site": [24, 27, 27, 26, 25]}, "presence_by_category": [["E-Commerce", 42.857142857142854], ["Recreation", 28.571428571428573], ["Business", 14.285714285714286], ["Reference", 14.285714285714286]]}