{"id": "healte.de", "name": "healte.de", "category": "unknown", "website_url": null, "ghostery_id": null, "company_id": null, "company_name": null, "iab_vendor": null, "truste_type": null, "description": null, "truste_privacy_url": null, "privacy_url": null, "date_range": ["2018-11", "2019-01"], "overview": {"reach": 0.00041189493244878957, "site_reach_top10k": 63, "site_avg_frequency": 0.12470742420443082, "cookies": 0.5532869120703247, "bad_qs": 8.95779088932948e-05, "tracked": 0.5532869120703247, "https": 0.9979188065833792, "requests": 1.1049435061987913, "requests_tracking": 0.5623342808685474, "content_length": 46.370285216061916, "requests_failed": 0.5322062441774359, "has_blocking": 0.0, "script": 0.0, "iframe": 0.0, "beacon": 0.0, "image": 0.9979128347227862, "stylesheet": 0.0, "font": 0.0, "xhr": 1.791558177865896e-05, "plugin": 0.0, "media": 0.0, "referer_leaked": 0.5726835152760194, "referer_leaked_header": 0.5726835152760194, "referer_leaked_url": 0.0, "hosts": 1.0, "reach_rank": 775, "site_reach_rank": 459}, "reach_time_series": {"page": [0.00023340169544713697, 0.0002615772550840636, 0.00041189493244878957], "ts": ["2018-11", "2018-12", "2019-01"], "site": [68, 64, 63]}, "presence_by_category": [["News and Portals", 68.29268292682927], ["Entertainment", 17.073170731707318], ["Reference", 14.634146341463415]]}