{"id": "heroku", "name": "Heroku", "category": "hosting", "website_url": null, "ghostery_id": "c_3374", "company_id": null, "company_name": null, "iab_vendor": null, "truste_type": null, "description": null, "truste_privacy_url": null, "privacy_url": null, "date_range": ["2018-03", "2019-01"], "overview": {"reach": 0.002054052079183827, "site_reach_top10k": 208, "site_avg_frequency": 0.11065829237984005, "cookies": 0.08531588618960056, "bad_qs": 5.987625972165922e-07, "tracked": 0.08531588618960056, "https": 0.9931256066213563, "requests": 6.3056138184827235, "requests_tracking": 0.8622911890287531, "content_length": 108024.13213373243, "requests_failed": 1.436432668247799, "has_blocking": 0.0, "script": 0.32484188176714, "iframe": 0.04698370347839156, "beacon": 0.0013238641024458852, "image": 0.04327436918863477, "stylesheet": 0.05580168024760031, "font": 0.011207039532102956, "xhr": 0.6846221598444654, "plugin": 7.963542542980676e-05, "media": 6.825893608269151e-05, "referer_leaked": 0.8023987627169691, "referer_leaked_header": 0.7822078891762284, "referer_leaked_url": 0.0, "hosts": 1.0689469143068935, "reach_rank": 311, "site_reach_rank": 177}, "reach_time_series": {"page": [0.0018931583942036194, 0.002337651906813529, 0.0023471709312741194, 0.0018940309704474747, 0.001730471133611926, 0.0015350189628351143, 0.0019130397177073062, 0.0019402468372759565, 0.0018578083411281985, 0.0014014776828305759, 0.002054052079183827], "ts": ["2018-03", "2018-04", "2018-05", "2018-06", "2018-07", "2018-08", "2018-09", "2018-10", "2018-11", "2018-12", "2019-01"], "site": [160, 201, 194, 159, 208]}, "presence_by_category": [["Business", 44.73684210526316], ["News and Portals", 15.789473684210526], ["E-Commerce", 10.526315789473685], ["Entertainment", 10.526315789473685], ["Reference", 10.526315789473685], ["Adult", 2.6315789473684212], ["Banking", 2.6315789473684212], ["Recreation", 2.6315789473684212]]}