{"id": "highwebmedia.com", "name": "highwebmedia.com", "category": "pornvertising", "website_url": null, "ghostery_id": "highwebmedia.com", "company_id": null, "company_name": null, "iab_vendor": null, "truste_type": null, "description": null, "truste_privacy_url": null, "privacy_url": null, "date_range": ["2017-05", "2019-01"], "overview": {"reach": 0.0022394394816713107, "site_reach_top10k": 27, "site_avg_frequency": 0.1665466554024489, "cookies": 0.9848850479392546, "bad_qs": 0.002396138937614713, "tracked": 0.9848866955250472, "https": 0.9993651302746086, "requests": 419.03965299646427, "requests_tracking": 202.55895940678124, "content_length": 39586083.218240865, "requests_failed": 84.72783420454009, "has_blocking": 0.0, "script": 0.8506002155042217, "iframe": 0.0006260826011645136, "beacon": 0.0, "image": 0.9777087134222224, "stylesheet": 0.9446405681754525, "font": 0.38437352747019793, "xhr": 0.5429454220730364, "plugin": 0.19311847350077932, "media": 0.00016695536031053696, "referer_leaked": 0.08812826565233962, "referer_leaked_header": 0.08812826565233962, "referer_leaked_url": 0.0, "hosts": 1.0, "reach_rank": 287, "site_reach_rank": 700}, "reach_time_series": {"page": [0.002714129721976331, 0.002806961320595819, 0.0029607307854290013, 0.003039365858324718, 0.0026977493306190804, 0.0031902004290583425, 0.00356169413566735, 0.0037660250107255776, 0.0027828398850229265, 0.0025274644659563517, 0.0025088435714663137, 0.0024547039558544146, 0.0030930553191321954, 0.0026176234901149624, 0.00259184583464504, 0.0022816074908037468, 0.002064446458493474, 0.001977079315348636, 0.0018547310563638126, 0.002146781354591444, 0.0022394394816713107], "ts": ["2017-05", "2017-06", "2017-07", "2017-08", "2017-09", "2017-10", "2017-11", "2017-12", "2018-01", "2018-02", "2018-03", "2018-04", "2018-05", "2018-06", "2018-07", "2018-08", "2018-09", "2018-10", "2018-11", "2018-12", "2019-01"], "site": [18, 27, 31, 43, 27]}, "presence_by_category": [["Adult", 100.0]]}