{"id": "hola_player", "name": "Hola Player", "category": "audio_video_player", "website_url": null, "ghostery_id": "2937", "company_id": "hola_cdn", "company_name": "Hola CDN", "iab_vendor": null, "truste_type": null, "description": null, "truste_privacy_url": null, "privacy_url": null, "date_range": ["2017-06", "2019-01"], "overview": {"reach": 0.0021401861644713078, "site_reach_top10k": 63, "site_avg_frequency": 0.42196526521722855, "cookies": 0.0009740567596378463, "bad_qs": 0.07366110295406417, "tracked": 0.0745225254217321, "https": 0.8812731122981131, "requests": 10.637473314005442, "requests_tracking": 0.43773306247467886, "content_length": 79863134.65912037, "requests_failed": 3.499702610989314, "has_blocking": 0.0, "script": 0.838088779957992, "iframe": 0.0, "beacon": 0.23594470575727886, "image": 0.041651701438673215, "stylesheet": 0.33818905895773055, "font": 0.0, "xhr": 0.4342844992802324, "plugin": 5.976513451465252e-05, "media": 0.048897074669064934, "referer_leaked": 0.8944541977823687, "referer_leaked_header": 0.8851044022193553, "referer_leaked_url": 0.0, "hosts": 1.0, "reach_rank": 295, "site_reach_rank": 459}, "reach_time_series": {"page": [0.0011852242472975864, 0.001172993208035827, 0.000990920227483101, 0.0007290376138680519, 0.0007188300314983828, 0.0010730945428871009, 0.0012583285990088097, 0.0012589597799328098, 0.0011215061874077386, 0.0009992738923205713, 0.001043623709096288, 0.001357343139317688, 0.0010709420738934175, 0.0012881364061497606, 0.0016997816676193223, 0.0016052519625444626, 0.0017964136950747748, 0.0017955499100891074, 0.0017988920581877537, 0.0021401861644713078], "ts": ["2017-06", "2017-07", "2017-08", "2017-09", "2017-10", "2017-11", "2017-12", "2018-01", "2018-02", "2018-03", "2018-04", "2018-05", "2018-06", "2018-07", "2018-08", "2018-09", "2018-10", "2018-11", "2018-12", "2019-01"], "site": [56, 64, 64, 73, 63]}, "presence_by_category": [["News and Portals", 65.21739130434783], ["Entertainment", 17.391304347826086], ["Adult", 8.695652173913043], ["Business", 8.695652173913043]]}