{"id": "homeaway", "name": "HomeAway", "category": "misc", "website_url": null, "ghostery_id": "c_2665", "company_id": null, "company_name": null, "iab_vendor": null, "truste_type": null, "description": null, "truste_privacy_url": null, "privacy_url": null, "date_range": ["2017-07", "2019-01"], "overview": {"reach": 0.00016734123300661443, "site_reach_top10k": 4, "site_avg_frequency": 0.7592893453420977, "cookies": 0.4384030809483912, "bad_qs": 2.2048771883406096e-05, "tracked": 0.4384030809483912, "https": 0.9720274580705854, "requests": 64.37274183827961, "requests_tracking": 17.923505460745837, "content_length": 2390481.8761520484, "requests_failed": 19.86658288133351, "has_blocking": 0.0, "script": 0.9004718437183049, "iframe": 0.021901780070850054, "beacon": 0.001389072628654584, "image": 0.9545427819670445, "stylesheet": 0.8959959430259734, "font": 0.37351354529552705, "xhr": 0.013119019270626626, "plugin": 0.005791477414708001, "media": 0.0, "referer_leaked": 0.9448560215196014, "referer_leaked_header": 0.9443342005850274, "referer_leaked_url": 0.0, "hosts": 1.0, "reach_rank": 957, "site_reach_rank": 1050}, "reach_time_series": {"page": [0.0006443684053633861, 0.0005488607888797127, 0.00041843755387997706, 0.00031505705316476354, 0.00023611228107263854, 0.0002369262446080314, 0.0004811190699685083, 0.0002399868579371852, 0.00019199143720505406, 0.0001870176641879265, 0.00022520271186576951, 0.0001755798794864311, 0.00020041521020201908, 0.0001623663897582908, 0.00010999892072385629, 0.00010879535572062664, 0.00011037291003905691, 0.00012384211209144416, 0.00016734123300661443], "ts": ["2017-07", "2017-08", "2017-09", "2017-10", "2017-11", "2017-12", "2018-01", "2018-02", "2018-03", "2018-04", "2018-05", "2018-06", "2018-07", "2018-08", "2018-09", "2018-10", "2018-11", "2018-12", "2019-01"], "site": [4, 4, 4, 4, 4]}, "presence_by_category": [["Business", 50.0], ["Recreation", 50.0]]}