{"id": "ie8eamus.com", "name": "ie8eamus.com", "category": "unknown", "website_url": null, "ghostery_id": null, "company_id": null, "company_name": null, "iab_vendor": null, "truste_type": null, "description": null, "truste_privacy_url": null, "privacy_url": null, "date_range": ["2018-07", "2019-01"], "overview": {"reach": 0.000988173213517804, "site_reach_top10k": 123, "site_avg_frequency": 0.15920845974291653, "cookies": 8.712265002209181e-06, "bad_qs": 0.07328383937072555, "tracked": 0.07329255163572776, "https": 0.644148780594052, "requests": 1.4459447517937931, "requests_tracking": 0.09971062834099806, "content_length": 3423.481874132663, "requests_failed": 0.9612329099587412, "has_blocking": 0.0, "script": 0.999458594960577, "iframe": 0.0, "beacon": 0.0, "image": 0.2028986950271636, "stylesheet": 0.0, "font": 1.8669139290448245e-05, "xhr": 0.00033604450722806844, "plugin": 0.0, "media": 0.0, "referer_leaked": 0.2169017941042858, "referer_leaked_header": 0.2169017941042858, "referer_leaked_url": 0.0, "hosts": 1.0, "reach_rank": 546, "site_reach_rank": 286}, "reach_time_series": {"page": [0.0011359139994999402, 0.0013805930410589083, 0.0016944802834492779, 0.0014822400411318283, 0.0014079589111306696, 0.0011571095799080306, 0.000988173213517804], "ts": ["2018-07", "2018-08", "2018-09", "2018-10", "2018-11", "2018-12", "2019-01"], "site": [158, 152, 151, 125, 123]}, "presence_by_category": [["Entertainment", 60.714285714285715], ["Adult", 32.142857142857146], ["Business", 3.5714285714285716], ["News and Portals", 3.5714285714285716]]}