{"id": "lenmit.com", "name": "lenmit.com", "category": "unknown", "website_url": null, "ghostery_id": "", "company_id": null, "company_name": null, "iab_vendor": null, "truste_type": null, "description": null, "truste_privacy_url": null, "privacy_url": null, "date_range": ["2018-04", "2019-01"], "overview": {"reach": 0.00027863270919787676, "site_reach_top10k": 18, "site_avg_frequency": 0.3150706262870458, "cookies": 0.3391156958035939, "bad_qs": 0.0006885866758478223, "tracked": 0.3394158489699891, "https": 0.9827147088293585, "requests": 1.850431028774978, "requests_tracking": 0.5497834924586517, "content_length": 807.4052994689937, "requests_failed": 0.7155210085146391, "has_blocking": 0.0, "script": 0.9999911719656942, "iframe": 0.0, "beacon": 0.0, "image": 0.0, "stylesheet": 0.0, "font": 0.0, "xhr": 0.0016331863465621427, "plugin": 0.0, "media": 0.0, "referer_leaked": 0.6580372631328045, "referer_leaked_header": 0.6466093727240224, "referer_leaked_url": 0.0, "hosts": 1.0, "reach_rank": 858, "site_reach_rank": 803}, "reach_time_series": {"page": [0.0003571544563030828, 0.0003702321296737235, 0.0004071171699667038, 0.0004897663703963945, 0.0004303525038508662, 0.0003461723048410185, 0.00031270686276723536, 0.0003260501194528264, 0.0002941439809629498, 0.00027863270919787676], "ts": ["2018-04", "2018-05", "2018-06", "2018-07", "2018-08", "2018-09", "2018-10", "2018-11", "2018-12", "2019-01"], "site": [21, 20, 22, 17, 18]}, "presence_by_category": [["E-Commerce", 60.0], ["Business", 40.0]]}