{"id": "liveadexchanger.com", "name": "liveadexchanger.com", "category": "unknown", "website_url": null, "ghostery_id": "liveadexchanger.com", "company_id": null, "company_name": null, "iab_vendor": null, "truste_type": null, "description": null, "truste_privacy_url": null, "privacy_url": null, "date_range": ["2017-07", "2019-01"], "overview": {"reach": 5.289263032060723e-05, "site_reach_top10k": 7, "site_avg_frequency": 0.26467288823387486, "cookies": 0.0829186625122076, "bad_qs": 0.0001627679858624378, "tracked": 0.0829186625122076, "https": 0.5352741477933312, "requests": 1.8230246942287123, "requests_tracking": 0.18908989443333488, "content_length": 28.26926475375529, "requests_failed": 1.6353764590987303, "has_blocking": 0.0, "script": 0.8210249732595452, "iframe": 0.23368832255964284, "beacon": 0.0, "image": 0.0001627679858624378, "stylesheet": 0.0, "font": 0.0, "xhr": 0.0, "plugin": 0.0, "media": 0.0, "referer_leaked": 0.07773333953401851, "referer_leaked_header": 0.07596614425894062, "referer_leaked_url": 0.0, "hosts": 1.0, "reach_rank": 1059, "site_reach_rank": 996}, "reach_time_series": {"page": [0.0006827214951001571, 0.0009230676407238686, 0.0011771361920292257, 0.0013915661619306645, 0.0004952156973931582, 8.297637201030175e-05, 6.049674657699526e-05, 0.00013595017181496156, 0.00013135153686176884, 0.00012436963443401448, 0.00014000162383503043, 0.00010812514359628959, 9.902213792578912e-05, 9.20040549180524e-05, 8.921785976161754e-05, 9.966921130656003e-05, 8.260270253697471e-05, 7.230444787257554e-05, 5.289263032060723e-05], "ts": ["2017-07", "2017-08", "2017-09", "2017-10", "2017-11", "2017-12", "2018-01", "2018-02", "2018-03", "2018-04", "2018-05", "2018-06", "2018-07", "2018-08", "2018-09", "2018-10", "2018-11", "2018-12", "2019-01"], "site": [12, 12, 13, 11, 7]}, "presence_by_category": [["Entertainment", 100.0]]}