{"id": "loadercdn.com", "name": "loadercdn.com", "category": "unknown", "website_url": null, "ghostery_id": null, "company_id": null, "company_name": null, "iab_vendor": null, "truste_type": null, "description": null, "truste_privacy_url": null, "privacy_url": null, "date_range": ["2018-04", "2019-01"], "overview": {"reach": 0.00023770936405329495, "site_reach_top10k": 24, "site_avg_frequency": 0.24286389053622218, "cookies": 0.044919985306063316, "bad_qs": 0.0, "tracked": 0.044919985306063316, "https": 0.9999534347076993, "requests": 1.743270021782209, "requests_tracking": 0.06272862265039296, "content_length": 9.025936867811483, "requests_failed": 1.5433497001712568, "has_blocking": 0.0, "script": 0.22282527150152373, "iframe": 7.760882050114602e-05, "beacon": 0.0, "image": 0.04927642709686098, "stylesheet": 0.0, "font": 0.0, "xhr": 0.9195506966685121, "plugin": 0.0, "media": 0.0, "referer_leaked": 0.031829964248203356, "referer_leaked_header": 0.031829964248203356, "referer_leaked_url": 0.0, "hosts": 1.0, "reach_rank": 896, "site_reach_rank": 729}, "reach_time_series": {"page": [0.0015931520910108736, 0.002072767856046374, 0.0008009050378052493, 0.0007610148638085105, 0.0005964096466624668, 0.0006572762423975342, 0.0005256418889067432, 0.0004308198670140072, 0.0002312862986975697, 0.00023770936405329495], "ts": ["2018-04", "2018-05", "2018-06", "2018-07", "2018-08", "2018-09", "2018-10", "2018-11", "2018-12", "2019-01"], "site": [55, 47, 39, 36, 24]}, "presence_by_category": [["News and Portals", 90.0], ["Entertainment", 10.0]]}