{"id": "logsss.com", "name": "logsss.com", "category": "unknown", "website_url": null, "ghostery_id": "logsss.com", "company_id": null, "company_name": null, "iab_vendor": null, "truste_type": null, "description": null, "truste_privacy_url": null, "privacy_url": null, "date_range": ["2018-04", "2019-01"], "overview": {"reach": 0.0003539302375920203, "site_reach_top10k": 10, "site_avg_frequency": 0.29951102492602016, "cookies": 0.616692265458311, "bad_qs": 0.0340232265597309, "tracked": 0.6239479591623983, "https": 0.999986100203632, "requests": 11.227028849027361, "requests_tracking": 2.243475783079778, "content_length": 34945.704577202945, "requests_failed": 3.166582109572095, "has_blocking": 0.0, "script": 0.9722177820094936, "iframe": 0.0, "beacon": 0.0, "image": 0.7150333247617923, "stylesheet": 0.0704441679929389, "font": 0.0, "xhr": 0.8912792677587273, "plugin": 0.0, "media": 0.0, "referer_leaked": 0.7027702294161391, "referer_leaked_header": 0.6422053416917443, "referer_leaked_url": 0.0, "hosts": 1.0, "reach_rank": 815, "site_reach_rank": 928}, "reach_time_series": {"page": [0.0004274279025664208, 0.000494043235771253, 0.0004271303666172593, 0.0004310533554094529, 0.0003979139938627537, 0.0004339491421271523, 0.0004266560120557619, 0.0006587725050105925, 0.0004302411891780516, 0.0003539302375920203], "ts": ["2018-04", "2018-05", "2018-06", "2018-07", "2018-08", "2018-09", "2018-10", "2018-11", "2018-12", "2019-01"], "site": [20, 16, 14, 11, 10]}, "presence_by_category": [["E-Commerce", 50.0], ["Entertainment", 50.0]]}