{"id": "lottex_inc", "name": "vidcpm.com", "category": "unknown", "website_url": null, "ghostery_id": null, "company_id": null, "company_name": null, "iab_vendor": null, "truste_type": null, "description": null, "truste_privacy_url": null, "privacy_url": null, "date_range": ["2018-05", "2019-01"], "overview": {"reach": 0.0007546823706475926, "site_reach_top10k": 125, "site_avg_frequency": 0.0873960770631133, "cookies": 0.0791322940330955, "bad_qs": 0.0011521826282801352, "tracked": 0.07981186992558889, "https": 0.9601266586051909, "requests": 1.127295809444964, "requests_tracking": 0.14477899931227572, "content_length": 33.031663021619316, "requests_failed": 0.975624900182198, "has_blocking": 0.0, "script": 0.12750603795846926, "iframe": 0.0, "beacon": 0.0, "image": 0.009214201669442552, "stylesheet": 0.0, "font": 0.0, "xhr": 0.8807368753850116, "plugin": 0.0, "media": 0.0, "referer_leaked": 0.08907170259021084, "referer_leaked_header": 0.0565368030272906, "referer_leaked_url": 0.0, "hosts": 1.0, "reach_rank": 622, "site_reach_rank": 280}, "reach_time_series": {"page": [0.0017998884361808138, 0.0004470127077512535, 0.0001597983840346308, 0.0004193979208752451, 0.0005481299048442907, 0.0008127775253069724, 0.0008282856271764717, 0.0009291455950408512, 0.0007546823706475926], "ts": ["2018-05", "2018-06", "2018-07", "2018-08", "2018-09", "2018-10", "2018-11", "2018-12", "2019-01"], "site": [77, 139, 134, 151, 125]}, "presence_by_category": [["Entertainment", 76.47058823529412], ["Adult", 23.529411764705884]]}