{"id": "luckypushh.com", "name": "luckypushh.com", "category": "unknown", "website_url": null, "ghostery_id": null, "company_id": null, "company_name": null, "iab_vendor": null, "truste_type": null, "description": null, "truste_privacy_url": null, "privacy_url": null, "date_range": ["2018-12", "2019-01"], "overview": {"reach": 0.0010063817284202967, "site_reach_top10k": 12, "site_avg_frequency": 0.5504993920300484, "cookies": 0.17250296356948194, "bad_qs": 0.0034597382282131814, "tracked": 0.17442286775758611, "https": 0.9066151759199287, "requests": 1.6877204345753847, "requests_tracking": 0.32829139526073303, "content_length": 10.50553240372982, "requests_failed": 1.3675498307404645, "has_blocking": 0.0, "script": 0.999995111637968, "iframe": 0.0, "beacon": 0.0, "image": 0.0, "stylesheet": 1.2220905080230243e-06, "font": 0.0, "xhr": 8.921260708568077e-05, "plugin": 0.0, "media": 0.0, "referer_leaked": 0.11101959011084361, "referer_leaked_header": 0.11101959011084361, "referer_leaked_url": 0.0, "hosts": 1.0, "reach_rank": 540, "site_reach_rank": 897}, "reach_time_series": {"page": [0.001168383153679187, 0.0010063817284202967], "ts": ["2018-12", "2019-01"], "site": [19, 12]}, "presence_by_category": [["Entertainment", 100.0]]}