{"id": "makesource.cool", "name": "makesource.cool", "category": "unknown", "website_url": null, "ghostery_id": null, "company_id": null, "company_name": null, "iab_vendor": null, "truste_type": null, "description": null, "truste_privacy_url": null, "privacy_url": null, "date_range": ["2019-01", "2019-01"], "overview": {"reach": 0.0008288520903172791, "site_reach_top10k": 143, "site_avg_frequency": 0.03824297197507277, "cookies": 0.7612163982882343, "bad_qs": 0.0, "tracked": 0.7612163982882343, "https": 0.8214947086021569, "requests": 15.638911806079024, "requests_tracking": 8.324711688558354, "content_length": 16128.599846570236, "requests_failed": 2.3802951074601886, "has_blocking": 0.0, "script": 0.8372620651586826, "iframe": 0.0, "beacon": 0.0, "image": 0.9828036989334109, "stylesheet": 0.0, "font": 0.0, "xhr": 0.003084917587146325, "plugin": 0.0, "media": 0.0, "referer_leaked": 0.9355936277681163, "referer_leaked_header": 0.7411889174446971, "referer_leaked_url": 0.0, "hosts": 1.0, "reach_rank": 599, "site_reach_rank": 249}, "reach_time_series": {"page": [0.0008288520903172791], "ts": ["2019-01"], "site": [143]}, "presence_by_category": [["Adult", 45.45454545454545], ["Reference", 18.181818181818183], ["Business", 9.090909090909092], ["E-Commerce", 9.090909090909092], ["Entertainment", 9.090909090909092], ["News and Portals", 9.090909090909092]]}