{"id": "marshadow.io", "name": "marshadow.io", "category": "advertising", "website_url": null, "ghostery_id": "marshadow.io", "company_id": null, "company_name": null, "iab_vendor": null, "truste_type": null, "description": null, "truste_privacy_url": null, "privacy_url": null, "date_range": ["2017-08", "2019-01"], "overview": {"reach": 9.058505559697913e-05, "site_reach_top10k": 7, "site_avg_frequency": 0.025858847836852217, "cookies": 0.2755081259419168, "bad_qs": 0.1561782955208885, "tracked": 0.40726107558415814, "https": 1.0, "requests": 2.505057499355084, "requests_tracking": 0.8576296960069515, "content_length": 1.8535836965228842, "requests_failed": 0.749093723269928, "has_blocking": 0.0, "script": 0.0, "iframe": 1.0, "beacon": 0.0, "image": 0.0, "stylesheet": 0.0, "font": 0.0, "xhr": 0.0, "plugin": 0.0, "media": 0.0, "referer_leaked": 0.9955466851316308, "referer_leaked_header": 0.9169212387818555, "referer_leaked_url": 0.0, "hosts": 1.0, "reach_rank": 1019, "site_reach_rank": 996}, "reach_time_series": {"page": [0.0011305810065673557, 0.0014182768913588017, 0.001136755642835316, 0.00030349968007978403, 6.887331629816579e-05, 7.64758353876519e-05, 4.492387707666108e-05, 6.368016443776904e-05, 1.9865368038397105e-05, 7.589254804024895e-05, 8.747049833513938e-05, 7.799467098171537e-05, 8.724619282976383e-05, 1.4708367335971654e-05, 4.2571986888218515e-05, 9.717285129229418e-05, 0.00013549033635046388, 9.058505559697913e-05], "ts": ["2017-08", "2017-09", "2017-10", "2017-11", "2017-12", "2018-01", "2018-02", "2018-03", "2018-04", "2018-05", "2018-06", "2018-07", "2018-08", "2018-09", "2018-10", "2018-11", "2018-12", "2019-01"], "site": [1, 5, 19, 22, 7]}, "presence_by_category": [["Entertainment", 50.0], ["News and Portals", 50.0]]}