{"id": "mov.ad_", "name": "Mov.ad ", "category": "misc", "website_url": null, "ghostery_id": "c_3421", "company_id": null, "company_name": null, "iab_vendor": null, "truste_type": null, "description": null, "truste_privacy_url": null, "privacy_url": null, "date_range": ["2017-05", "2019-01"], "overview": {"reach": 0.00010522074133420709, "site_reach_top10k": 27, "site_avg_frequency": 0.08269228221588329, "cookies": 0.10081469965985997, "bad_qs": 2.3377321660257383e-05, "tracked": 0.10083807698152022, "https": 0.8944513927039379, "requests": 9.360922469112714, "requests_tracking": 0.9130012974413522, "content_length": 78723.4543616238, "requests_failed": 2.5042838941942422, "has_blocking": 0.0, "script": 0.762217572732692, "iframe": 0.018865498579827708, "beacon": 0.0, "image": 0.5323133028648908, "stylesheet": 0.0004207917898846329, "font": 0.0, "xhr": 0.26191951188152374, "plugin": 0.004044276647224528, "media": 0.023564340233539444, "referer_leaked": 0.4361974448587425, "referer_leaked_header": 0.42544387689502416, "referer_leaked_url": 0.0, "hosts": 1.007901534721167, "reach_rank": 1004, "site_reach_rank": 700}, "reach_time_series": {"page": [0.0016735129010359145, 0.001240379070796499, 0.0011423350681034994, 0.0015353330117639382, 0.0023964540498496527, 0.002417474242081684, 0.00126358229934439, 0.0008999735173125319, 0.0005249569890092628, 0.00024456168542961337, 0.00015238531320356928, 0.0001781902404624817, 0.00032696784161168795, 0.00019029471061347413, 0.0001898172632148026, 0.00017813232399688616, 8.599582765672474e-05, 0.0001574197335011142, 0.00020520047544675662, 0.00023079708566383096, 0.00010522074133420709], "ts": ["2017-05", "2017-06", "2017-07", "2017-08", "2017-09", "2017-10", "2017-11", "2017-12", "2018-01", "2018-02", "2018-03", "2018-04", "2018-05", "2018-06", "2018-07", "2018-08", "2018-09", "2018-10", "2018-11", "2018-12", "2019-01"], "site": [21, 54, 58, 72, 27]}, "presence_by_category": [["News and Portals", 66.66666666666667], ["Entertainment", 16.666666666666668], ["Business", 8.333333333333334], ["E-Commerce", 8.333333333333334]]}