{"id": "netflix", "name": "Netflix", "category": "misc", "website_url": null, "ghostery_id": "c_2098", "company_id": null, "company_name": null, "iab_vendor": null, "truste_type": null, "description": null, "truste_privacy_url": null, "privacy_url": null, "date_range": ["2017-05", "2019-01"], "overview": {"reach": 0.0019327136351953028, "site_reach_top10k": 13, "site_avg_frequency": 0.1832844726748334, "cookies": 0.021810388220328575, "bad_qs": 0.0, "tracked": 0.021810388220328575, "https": 0.989204258733796, "requests": 134.24255386575354, "requests_tracking": 0.07676653390206388, "content_length": 5717899.9913322255, "requests_failed": 40.203721014882404, "has_blocking": 0.0, "script": 0.9159319432397914, "iframe": 0.5730989090987767, "beacon": 0.0, "image": 0.8455295831310259, "stylesheet": 0.8732968787485212, "font": 0.6278787847934364, "xhr": 0.5187218453240409, "plugin": 0.0013057978825965523, "media": 0.0054611878306255425, "referer_leaked": 0.9532852716562316, "referer_leaked_header": 0.9487913415164182, "referer_leaked_url": 0.0, "hosts": 2.2680850143147775, "reach_rank": 330, "site_reach_rank": 869}, "reach_time_series": {"page": [0.0015872864249362989, 0.002589937373762494, 0.002165276754952681, 0.002658068460404126, 0.0030099818080139354, 0.0022566821511537565, 0.001976844110849326, 0.0019135988256482243, 0.0017916762479325877, 0.0015199806287406036, 0.0015872466351263845, 0.001747674516217455, 0.0022285837864183663, 0.0017411840297205208, 0.00183419627246236, 0.002017197128038907, 0.0018829037794405206, 0.0018041080911057239, 0.0017657859687960147, 0.0020538618410313207, 0.0019327136351953028], "ts": ["2017-05", "2017-06", "2017-07", "2017-08", "2017-09", "2017-10", "2017-11", "2017-12", "2018-01", "2018-02", "2018-03", "2018-04", "2018-05", "2018-06", "2018-07", "2018-08", "2018-09", "2018-10", "2018-11", "2018-12", "2019-01"], "site": [11, 10, 13, 9, 13]}, "presence_by_category": [["Entertainment", 66.66666666666667], ["Business", 33.333333333333336]]}