{"id": "noop.style", "name": "noop.style", "category": "unknown", "website_url": null, "ghostery_id": null, "company_id": null, "company_name": null, "iab_vendor": null, "truste_type": null, "description": null, "truste_privacy_url": null, "privacy_url": null, "date_range": ["2018-09", "2019-01"], "overview": {"reach": 0.0007275989726963744, "site_reach_top10k": 121, "site_avg_frequency": 0.021494263182570854, "cookies": 0.7292971397758947, "bad_qs": 0.0, "tracked": 0.7292971397758947, "https": 0.8483494676274559, "requests": 1.0682745179573256, "requests_tracking": 0.7588121643618883, "content_length": 12.096036660091244, "requests_failed": 0.3878958142113635, "has_blocking": 0.0, "script": 0.0, "iframe": 0.0, "beacon": 0.0, "image": 0.0, "stylesheet": 0.0, "font": 0.0, "xhr": 0.0, "plugin": 0.9999966193202467, "media": 0.0, "referer_leaked": 0.6929869488858125, "referer_leaked_header": 0.6929869488858125, "referer_leaked_url": 0.0, "hosts": 1.0, "reach_rank": 632, "site_reach_rank": 290}, "reach_time_series": {"page": [0.0010427275246601313, 0.0013030662425998164, 0.0013252117351305781, 0.0009318548444365562, 0.0007275989726963744], "ts": ["2018-09", "2018-10", "2018-11", "2018-12", "2019-01"], "site": [170, 286, 277, 160, 121]}, "presence_by_category": [["Reference", 37.5], ["Adult", 25.0], ["Entertainment", 25.0], ["News and Portals", 12.5]]}