{"id": "o12zs3u2n.com", "name": "o12zs3u2n.com", "category": "unknown", "website_url": null, "ghostery_id": null, "company_id": null, "company_name": null, "iab_vendor": null, "truste_type": null, "description": null, "truste_privacy_url": null, "privacy_url": null, "date_range": ["2018-09", "2019-01"], "overview": {"reach": 5.5750893652818805e-05, "site_reach_top10k": 8, "site_avg_frequency": 0.20678866286274764, "cookies": 0.005934259872049415, "bad_qs": 0.0, "tracked": 0.005934259872049415, "https": 0.9509816898301345, "requests": 3.6949702183984114, "requests_tracking": 0.01114052503860578, "content_length": 1.7545996029119788, "requests_failed": 3.683520847121112, "has_blocking": 0.0, "script": 0.998941098610192, "iframe": 0.02583278182219281, "beacon": 0.0, "image": 0.0005073902492830355, "stylesheet": 0.986763732627399, "font": 0.0, "xhr": 0.0005294506949040371, "plugin": 0.0, "media": 0.0, "referer_leaked": 0.003948819766159277, "referer_leaked_header": 0.003926759320538275, "referer_leaked_url": 0.0, "hosts": 1.0, "reach_rank": 1055, "site_reach_rank": 977}, "reach_time_series": {"page": [0.0005046481631430346, 0.00012757328643766657, 5.138198715745529e-05, 5.9331013623428074e-05, 5.5750893652818805e-05], "ts": ["2018-09", "2018-10", "2018-11", "2018-12", "2019-01"], "site": [62, 32, 6, 10, 8]}, "presence_by_category": [["Entertainment", 100.0]]}