{"id": "oghub.io", "name": "OG Hub", "category": "unknown", "website_url": null, "ghostery_id": null, "company_id": null, "company_name": null, "iab_vendor": null, "truste_type": null, "description": null, "truste_privacy_url": null, "privacy_url": null, "date_range": ["2018-11", "2019-01"], "overview": {"reach": 0.00026429342684406663, "site_reach_top10k": 9, "site_avg_frequency": 0.42737320860686945, "cookies": 0.18898330324069765, "bad_qs": 0.000325745025408112, "tracked": 0.18899726374178658, "https": 0.999488114960073, "requests": 2.021578281183106, "requests_tracking": 0.20147795171528024, "content_length": 14.983540569216164, "requests_failed": 0.47475476053087134, "has_blocking": 0.0, "script": 0.9841455242633509, "iframe": 0.0, "beacon": 0.0, "image": 0.0, "stylesheet": 0.0, "font": 0.0, "xhr": 0.30092790797237684, "plugin": 0.0, "media": 0.0, "referer_leaked": 0.7326936321501033, "referer_leaked_header": 0.7326936321501033, "referer_leaked_url": 0.0, "hosts": 1.0, "reach_rank": 870, "site_reach_rank": 953}, "reach_time_series": {"page": [0.0011382847448770325, 0.0011006302447913961, 0.00026429342684406663], "ts": ["2018-11", "2018-12", "2019-01"], "site": [9, 8, 9]}, "presence_by_category": [["E-Commerce", 66.66666666666667], ["Business", 33.333333333333336]]}