{"id": "otto.de", "name": "Otto Group", "category": "misc", "website_url": null, "ghostery_id": null, "company_id": null, "company_name": null, "iab_vendor": null, "truste_type": null, "description": null, "truste_privacy_url": null, "privacy_url": null, "date_range": ["2017-05", "2019-01"], "overview": {"reach": 0.0006380162770889616, "site_reach_top10k": 31, "site_avg_frequency": 0.2042209082164438, "cookies": 0.19438698894862547, "bad_qs": 0.01945219263665787, "tracked": 0.1944853004959914, "https": 0.9933051763921205, "requests": 2.3465019402073026, "requests_tracking": 0.8731241289307752, "content_length": 15325.388978311701, "requests_failed": 0.675265392985953, "has_blocking": 0.0, "script": 0.7975283320385766, "iframe": 0.0005937246389942151, "beacon": 0.0005011961238262855, "image": 0.1974616344005598, "stylesheet": 0.002496342232134768, "font": 0.003228859643880877, "xhr": 0.0008366119913100303, "plugin": 0.0, "media": 0.0024577886841481303, "referer_leaked": 0.5738464296523048, "referer_leaked_header": 0.5738367912653082, "referer_leaked_url": 0.0, "hosts": 1.0008404673461087, "reach_rank": 677, "site_reach_rank": 674}, "reach_time_series": {"page": [0.002904009917778947, 0.003504835475029827, 0.004460181478547803, 0.006038420649140806, 0.005148056830718413, 0.004557337202174188, 0.0036801080220840825, 0.002782604170986364, 0.0028395405522555054, 0.0018323345230903734, 0.0004554221897327112, 0.0002710731492866401, 0.0003656504146957253, 0.0003623543201249614, 0.0003200826152722207, 0.0003242166089808651, 0.00019567306822725164, 0.00018612728980526392, 0.00055907618389586, 0.0014682181065156293, 0.0006380162770889616], "ts": ["2017-05", "2017-06", "2017-07", "2017-08", "2017-09", "2017-10", "2017-11", "2017-12", "2018-01", "2018-02", "2018-03", "2018-04", "2018-05", "2018-06", "2018-07", "2018-08", "2018-09", "2018-10", "2018-11", "2018-12", "2019-01"], "site": [21, 33, 82, 122, 31]}, "presence_by_category": [["E-Commerce", 40.0], ["News and Portals", 40.0], ["Business", 20.0]]}