{"id": "perfdrive.com", "name": "perfdrive.com", "category": "unknown", "website_url": null, "ghostery_id": null, "company_id": null, "company_name": null, "iab_vendor": null, "truste_type": null, "description": null, "truste_privacy_url": null, "privacy_url": null, "date_range": ["2018-02", "2019-01"], "overview": {"reach": 0.000615140331314807, "site_reach_top10k": 33, "site_avg_frequency": 0.32509461876947976, "cookies": 0.0116323009283048, "bad_qs": 0.013939567217624795, "tracked": 0.02500204934830724, "https": 0.9999300222529236, "requests": 3.393310927125174, "requests_tracking": 0.029082751684964183, "content_length": 7357.24263484212, "requests_failed": 1.148852664852577, "has_blocking": 0.0, "script": 0.9966110776772986, "iframe": 0.0, "beacon": 0.0, "image": 4.7984740852408934e-05, "stylesheet": 4.598537665022523e-05, "font": 0.0, "xhr": 0.576870555163458, "plugin": 0.0, "media": 0.0, "referer_leaked": 0.7255772664292754, "referer_leaked_header": 0.69587071311323, "referer_leaked_url": 0.0, "hosts": 1.0, "reach_rank": 689, "site_reach_rank": 663}, "reach_time_series": {"page": [0.0006694400803609089, 0.0008971370056287334, 0.0008873862248131921, 0.0010596767757823004, 0.0008474562463733297, 0.0006326961395442821, 0.000614398056109251, 0.0006732007176302389, 0.0006313960308415523, 0.0005514672481717136, 0.000514871947729829, 0.000615140331314807], "ts": ["2018-02", "2018-03", "2018-04", "2018-05", "2018-06", "2018-07", "2018-08", "2018-09", "2018-10", "2018-11", "2018-12", "2019-01"], "site": [25, 25, 23, 19, 33]}, "presence_by_category": [["Entertainment", 40.0], ["Business", 20.0], ["E-Commerce", 20.0], ["News and Portals", 10.0], ["Reference", 10.0]]}