{"id": "piguiqproxy.com", "name": "piguiqproxy.com", "category": "unknown", "website_url": null, "ghostery_id": null, "company_id": null, "company_name": null, "iab_vendor": null, "truste_type": null, "description": null, "truste_privacy_url": null, "privacy_url": null, "date_range": ["2018-03", "2019-01"], "overview": {"reach": 0.0004916212931403918, "site_reach_top10k": 17, "site_avg_frequency": 0.6318727620652534, "cookies": 0.0, "bad_qs": 0.0, "tracked": 0.0, "https": 0.72594364167634, "requests": 1.4785829363967498, "requests_tracking": 0.0, "content_length": 179.83057729255893, "requests_failed": 0.7026853260216948, "has_blocking": 0.0, "script": 0.0, "iframe": 0.0, "beacon": 0.0, "image": 0.0, "stylesheet": 0.0, "font": 0.0, "xhr": 0.9998523996317495, "plugin": 0.0, "media": 0.0, "referer_leaked": 0.7625885602209502, "referer_leaked_header": 0.7625885602209502, "referer_leaked_url": 0.0, "hosts": 1.0, "reach_rank": 744, "site_reach_rank": 819}, "reach_time_series": {"page": [0.002407985635399898, 0.0022708261690527224, 0.0028029722985105383, 0.0018027348725987483, 0.0014005420150263988, 0.0010258929514246912, 0.0008620217370629945, 0.0007461586735295773, 0.0006771832399937644, 0.000662512106513146, 0.0004916212931403918], "ts": ["2018-03", "2018-04", "2018-05", "2018-06", "2018-07", "2018-08", "2018-09", "2018-10", "2018-11", "2018-12", "2019-01"], "site": [35, 29, 25, 22, 17]}, "presence_by_category": [["Entertainment", 100.0]]}