{"id": "pmddby.com", "name": "pmddby.com", "category": "extensions", "website_url": null, "ghostery_id": null, "company_id": null, "company_name": null, "iab_vendor": null, "truste_type": null, "description": null, "truste_privacy_url": null, "privacy_url": null, "date_range": ["2017-11", "2019-01"], "overview": {"reach": 9.425750581642137e-05, "site_reach_top10k": 8, "site_avg_frequency": 0.014406195658926495, "cookies": 0.7082686360730176, "bad_qs": 0.024334868669998302, "tracked": 0.7187332820104646, "https": 0.7743185584363053, "requests": 2.3732825323921243, "requests_tracking": 1.717885149858427, "content_length": 1869.4911337569645, "requests_failed": 0.525933271571915, "has_blocking": 0.0, "script": 0.8511593314109005, "iframe": 0.0, "beacon": 0.1161419120813163, "image": 0.006406659794621537, "stylesheet": 0.0, "font": 0.0, "xhr": 0.00027401192604287634, "plugin": 0.0, "media": 0.0, "referer_leaked": 0.675896084239095, "referer_leaked_header": 0.6642049087279323, "referer_leaked_url": 0.0, "hosts": 1.0, "reach_rank": 1014, "site_reach_rank": 977}, "reach_time_series": {"page": [0.0038322096455730473, 0.005996229800077475, 0.005271509764650715, 0.0022358366301699936, 0.00083753900902771, 0.0007921432774307531, 0.0022391365105934972, 0.0013474218198263992, 0.001162023428186967, 0.00032600582187410006, 0.00015164473179391544, 0.00011776380756802121, 0.00012055106551562861, 0.00012131554351213524, 9.425750581642137e-05], "ts": ["2017-11", "2017-12", "2018-01", "2018-02", "2018-03", "2018-04", "2018-05", "2018-06", "2018-07", "2018-08", "2018-09", "2018-10", "2018-11", "2018-12", "2019-01"], "site": [12, 13, 19, 15, 8]}, "presence_by_category": [["Entertainment", 100.0]]}