{"id": "pub.network", "name": "pub.network", "category": "advertising", "website_url": null, "ghostery_id": null, "company_id": null, "company_name": null, "iab_vendor": null, "truste_type": null, "description": null, "truste_privacy_url": null, "privacy_url": null, "date_range": ["2018-09", "2019-01"], "overview": {"reach": 0.0013932090519030206, "site_reach_top10k": 45, "site_avg_frequency": 0.7374000845870133, "cookies": 0.059612885684220934, "bad_qs": 2.560046328010791e-05, "tracked": 0.059612885684220934, "https": 0.9884259422736036, "requests": 4.013343138016511, "requests_tracking": 2.060585703288865, "content_length": 225.9792627419685, "requests_failed": 1.9592475935564517, "has_blocking": 0.0, "script": 0.9996689595265503, "iframe": 0.0, "beacon": 0.0, "image": 0.002526500893367891, "stylesheet": 0.0, "font": 0.0, "xhr": 0.05472319719772032, "plugin": 0.0, "media": 0.0, "referer_leaked": 0.06318459169909392, "referer_leaked_header": 0.05992538789115742, "referer_leaked_url": 0.0, "hosts": 1.0, "reach_rank": 416, "site_reach_rank": 554}, "reach_time_series": {"page": [0.0012198922152848453, 0.001070206885814129, 0.0008951359064516219, 0.0010173959107852907, 0.0013932090519030206], "ts": ["2018-09", "2018-10", "2018-11", "2018-12", "2019-01"], "site": [41, 41, 42, 41, 45]}, "presence_by_category": [["Entertainment", 50.0], ["Business", 25.0], ["News and Portals", 25.0]]}