{"id": "pushwhy.com", "name": "pushwhy.com", "category": "unknown", "website_url": null, "ghostery_id": null, "company_id": null, "company_name": null, "iab_vendor": null, "truste_type": null, "description": null, "truste_privacy_url": null, "privacy_url": null, "date_range": ["2019-01", "2019-01"], "overview": {"reach": 0.0008205700140353889, "site_reach_top10k": 94, "site_avg_frequency": 0.14921163213579997, "cookies": 0.11860039868703068, "bad_qs": 0.0, "tracked": 0.11860039868703068, "https": 0.9999745200017985, "requests": 3.118290142238343, "requests_tracking": 0.1207901797089285, "content_length": 75.46272576027818, "requests_failed": 1.3166024670633554, "has_blocking": 0.0, "script": 2.3981174777799427e-05, "iframe": 0.0, "beacon": 0.0, "image": 0.0, "stylesheet": 0.0, "font": 0.0, "xhr": 0.999826136482861, "plugin": 0.0, "media": 0.0, "referer_leaked": 0.6627257602781816, "referer_leaked_header": 0.6622161603141534, "referer_leaked_url": 0.0, "hosts": 1.0, "reach_rank": 602, "site_reach_rank": 348}, "reach_time_series": {"page": [0.0008205700140353889], "ts": ["2019-01"], "site": [94]}, "presence_by_category": [["Entertainment", 90.9090909090909], ["Business", 9.090909090909092]]}