{"id": "pvclouds.com", "name": "pvclouds.com", "category": "unknown", "website_url": null, "ghostery_id": null, "company_id": null, "company_name": null, "iab_vendor": null, "truste_type": null, "description": null, "truste_privacy_url": null, "privacy_url": null, "date_range": ["2018-05", "2019-01"], "overview": {"reach": 0.0007253162976771899, "site_reach_top10k": 67, "site_avg_frequency": 0.23818262489140046, "cookies": 0.00044256716083840194, "bad_qs": 0.0, "tracked": 0.00044256716083840194, "https": 0.6348634400524976, "requests": 1.3810672820780647, "requests_tracking": 0.00045443677817889546, "content_length": 58.076838815683494, "requests_failed": 1.185403422858509, "has_blocking": 0.0, "script": 0.9998406079957134, "iframe": 1.6956596200705055e-06, "beacon": 0.0, "image": 0.0, "stylesheet": 0.0, "font": 0.0, "xhr": 0.00035608852021480614, "plugin": 0.0, "media": 0.0, "referer_leaked": 0.14722903783186178, "referer_leaked_header": 0.1472273421722417, "referer_leaked_url": 0.0, "hosts": 1.0, "reach_rank": 633, "site_reach_rank": 442}, "reach_time_series": {"page": [0.001194242147769536, 0.000877401633310334, 0.0002770235971646242, 0.0002769562486873589, 0.0005389816351178987, 0.0008312851259097175, 0.0009780877531911287, 0.000938505664667384, 0.0007253162976771899], "ts": ["2018-05", "2018-06", "2018-07", "2018-08", "2018-09", "2018-10", "2018-11", "2018-12", "2019-01"], "site": [43, 67, 80, 95, 67]}, "presence_by_category": [["Entertainment", 77.77777777777777], ["Adult", 16.666666666666668], ["News and Portals", 5.555555555555555]]}