{"id": "redtube.com", "name": "redtube.com", "category": "cdn", "website_url": null, "ghostery_id": "redtube.com", "company_id": null, "company_name": null, "iab_vendor": null, "truste_type": null, "description": null, "truste_privacy_url": null, "privacy_url": null, "date_range": ["2017-05", "2019-01"], "overview": {"reach": 0.0005594374033547404, "site_reach_top10k": 31, "site_avg_frequency": 0.15486821311561472, "cookies": 0.1701174846329045, "bad_qs": 0.0, "tracked": 0.1701174846329045, "https": 0.9824542504638708, "requests": 17.55413658467951, "requests_tracking": 1.0046277161726038, "content_length": 100134859.00320093, "requests_failed": 4.506487596401594, "has_blocking": 0.0, "script": 0.1336497621287934, "iframe": 0.05296041928647432, "beacon": 2.1984399869852353e-06, "image": 0.8345827800592699, "stylesheet": 0.11373189584670718, "font": 0.09061090250358346, "xhr": 0.01337530888081817, "plugin": 0.0037813167776146045, "media": 0.5407370929588364, "referer_leaked": 0.7122637776233984, "referer_leaked_header": 0.712178038463906, "referer_leaked_url": 0.0, "hosts": 1.1104891968659039, "reach_rank": 712, "site_reach_rank": 674}, "reach_time_series": {"page": [0.0011574191542919733, 0.0014397088855252769, 0.0015036023162346378, 0.0014620147957374525, 0.0012845329332212972, 0.001380026905405215, 0.0015710529586967594, 0.0015634662836541487, 0.001057913979942709, 0.0008316548709268157, 0.0008188784578766173, 0.0008363478257310706, 0.0010442709271202104, 0.0008723880709699256, 0.0008694041358073528, 0.0007574789239346306, 0.0006933070348562258, 0.0006761231494742884, 0.0006778237390135817, 0.0006974165275848977, 0.0005594374033547404], "ts": ["2017-05", "2017-06", "2017-07", "2017-08", "2017-09", "2017-10", "2017-11", "2017-12", "2018-01", "2018-02", "2018-03", "2018-04", "2018-05", "2018-06", "2018-07", "2018-08", "2018-09", "2018-10", "2018-11", "2018-12", "2019-01"], "site": [26, 28, 26, 32, 31]}, "presence_by_category": [["Adult", 100.0]]}