{"id": "rtbsuperhub.com", "name": "rtbsuperhub.com", "category": "advertising", "website_url": null, "ghostery_id": null, "company_id": null, "company_name": null, "iab_vendor": null, "truste_type": null, "description": null, "truste_privacy_url": null, "privacy_url": null, "date_range": ["2018-01", "2019-01"], "overview": {"reach": 0.0005289705792301513, "site_reach_top10k": 118, "site_avg_frequency": 0.052816473919511185, "cookies": 0.7404788698337116, "bad_qs": 0.09823388266805551, "tracked": 0.8057759197946505, "https": 0.8628166734868494, "requests": 4.311116587924556, "requests_tracking": 1.6448188311446748, "content_length": 7456.7053983296755, "requests_failed": 1.5706772441501433, "has_blocking": 0.0, "script": 0.6484389531639448, "iframe": 0.8081823592872289, "beacon": 0.0, "image": 0.1397408950559875, "stylesheet": 4.6501246233399055e-05, "font": 0.0, "xhr": 0.0003999107176072319, "plugin": 0.0, "media": 0.0, "referer_leaked": 0.5468569807670846, "referer_leaked_header": 0.31574578698709127, "referer_leaked_url": 0.0, "hosts": 1.0, "reach_rank": 725, "site_reach_rank": 295}, "reach_time_series": {"page": [0.0008970145948374973, 0.000739833206434121, 0.0003152254964981422, 0.00038672090209222607, 0.0008002415318903029, 0.0007445114417562031, 0.0010411835118669572, 0.0008295101210250613, 0.00022973193519317605, 0.0004557590513048986, 0.000838085743757888, 0.001207814343455534, 0.0005289705792301513], "ts": ["2018-01", "2018-02", "2018-03", "2018-04", "2018-05", "2018-06", "2018-07", "2018-08", "2018-09", "2018-10", "2018-11", "2018-12", "2019-01"], "site": [46, 78, 115, 165, 118]}, "presence_by_category": [["Adult", 80.0], ["Entertainment", 11.428571428571429], ["Business", 5.714285714285714], ["E-Commerce", 2.857142857142857]]}