{"id": "rtl_group", "name": "RTL Group", "category": "misc", "website_url": null, "ghostery_id": "c_2991", "company_id": null, "company_name": null, "iab_vendor": null, "truste_type": null, "description": null, "truste_privacy_url": null, "privacy_url": null, "date_range": ["2017-05", "2019-01"], "overview": {"reach": 0.0007500973423762996, "site_reach_top10k": 32, "site_avg_frequency": 0.45931962817952976, "cookies": 0.7557395595927134, "bad_qs": 0.0015117480201347784, "tracked": 0.7557674334716097, "https": 0.9803423568184426, "requests": 4.729016707930938, "requests_tracking": 1.9933791339421862, "content_length": 20623.401180540754, "requests_failed": 1.560187902736559, "has_blocking": 0.0, "script": 0.7949515486399187, "iframe": 0.029510239551394514, "beacon": 0.0, "image": 0.9070209382019708, "stylesheet": 0.025650527144239123, "font": 0.0005394415386381151, "xhr": 0.12745904999262161, "plugin": 0.00025906310974110083, "media": 0.0001705225532473069, "referer_leaked": 0.8843004476217022, "referer_leaked_header": 0.8842102674252734, "referer_leaked_url": 0.0, "hosts": 1.575916968633688, "reach_rank": 624, "site_reach_rank": 668}, "reach_time_series": {"page": [0.0048052283777729465, 0.004978708008700175, 0.004784099326047098, 0.004434332319056979, 0.004144446609029926, 0.0035827371510378588, 0.004118227476963312, 0.00450518805342879, 0.003532884509870261, 0.0019460723979687487, 0.0010683372260933601, 0.0009725792191797478, 0.0012785913861533393, 0.0009938630430499126, 0.0007845881700960904, 0.0006057969968197985, 0.0003672724306707872, 0.0006392606347222426, 0.0009421909133887319, 0.0011511151721022193, 0.0007500973423762996], "ts": ["2017-05", "2017-06", "2017-07", "2017-08", "2017-09", "2017-10", "2017-11", "2017-12", "2018-01", "2018-02", "2018-03", "2018-04", "2018-05", "2018-06", "2018-07", "2018-08", "2018-09", "2018-10", "2018-11", "2018-12", "2019-01"], "site": [21, 34, 35, 38, 32]}, "presence_by_category": [["News and Portals", 43.333333333333336], ["Reference", 26.666666666666668], ["Entertainment", 20.0], ["Recreation", 6.666666666666667], ["E-Commerce", 3.3333333333333335]]}