{"id": "s3xified.com", "name": "s3xified.com", "category": "unknown", "website_url": null, "ghostery_id": "s3xified.com", "company_id": null, "company_name": null, "iab_vendor": null, "truste_type": null, "description": null, "truste_privacy_url": null, "privacy_url": null, "date_range": ["2017-09", "2019-01"], "overview": {"reach": 0.0003936396817431026, "site_reach_top10k": 112, "site_avg_frequency": 0.029762893954314508, "cookies": 0.7463795963894383, "bad_qs": 0.02045547567494946, "tracked": 0.7464858261393922, "https": 0.9261265821202833, "requests": 4.413689890364649, "requests_tracking": 2.6913775811485934, "content_length": 252.72032831241543, "requests_failed": 1.5777867344037544, "has_blocking": 0.0, "script": 0.0022995616460612196, "iframe": 0.006005105276806609, "beacon": 0.0, "image": 0.9915609836874846, "stylesheet": 0.0, "font": 0.0, "xhr": 0.0011154123745161079, "plugin": 0.0, "media": 0.0, "referer_leaked": 0.32339772730823185, "referer_leaked_header": 0.32339772730823185, "referer_leaked_url": 0.0, "hosts": 1.0, "reach_rank": 791, "site_reach_rank": 304}, "reach_time_series": {"page": [0.0018808713360921841, 0.0018940288210732984, 0.0019595888345507345, 0.0013798338064348475, 0.0003759373453234922, 0.0002437547044379287, 0.00023702207592815638, 0.00030508702177505263, 0.0003786726966801119, 0.0003121596834487028, 6.926237725386218e-05, 6.309048154172425e-05, 4.540397676383426e-05, 0.00013104001984783723, 0.00021209185963742334, 0.0002645063407164487, 0.0003936396817431026], "ts": ["2017-09", "2017-10", "2017-11", "2017-12", "2018-01", "2018-02", "2018-03", "2018-04", "2018-05", "2018-06", "2018-07", "2018-08", "2018-09", "2018-10", "2018-11", "2018-12", "2019-01"], "site": [18, 30, 47, 61, 112]}, "presence_by_category": [["Entertainment", 56.25], ["News and Portals", 25.0], ["Reference", 18.75]]}