{"id": "scribblelive", "name": "ScribbleLive", "category": "misc", "website_url": null, "ghostery_id": "c_3436", "company_id": null, "company_name": null, "iab_vendor": null, "truste_type": null, "description": null, "truste_privacy_url": null, "privacy_url": null, "date_range": ["2017-05", "2019-01"], "overview": {"reach": 0.0002199067127048601, "site_reach_top10k": 25, "site_avg_frequency": 0.17277102843186845, "cookies": 0.3593751747743314, "bad_qs": 0.0003970872809028982, "tracked": 0.35940313866735274, "https": 0.8284135524211138, "requests": 47.712318654153755, "requests_tracking": 19.106346685160123, "content_length": 744551.9426180915, "requests_failed": 6.07686155635843, "has_blocking": 0.0, "script": 0.8769085356987059, "iframe": 0.14888535922416976, "beacon": 0.0, "image": 0.4015950604579367, "stylesheet": 0.015374548383127705, "font": 0.000620798425073545, "xhr": 0.145255645910001, "plugin": 0.0022203331058936703, "media": 0.014317513226921399, "referer_leaked": 0.9449446874196038, "referer_leaked_header": 0.9397601816534491, "referer_leaked_url": 0.0, "hosts": 1.0, "reach_rank": 915, "site_reach_rank": 715}, "reach_time_series": {"page": [0.0014131987802294091, 0.0015914984766404172, 0.001524892691187643, 0.0013646510935952738, 0.0011557351998263369, 0.0009558140405128399, 0.0007425850488361286, 0.0007822613699967978, 0.0006863687925383762, 0.0004843569579515065, 0.0003389935810736035, 0.00031901271513136697, 0.00048012342135129375, 0.00043145629604711015, 0.0004261106698646814, 0.00029932007262342924, 0.00019748546128625383, 0.00021376854399191708, 0.00025495232036204513, 0.00028413059519642405, 0.0002199067127048601], "ts": ["2017-05", "2017-06", "2017-07", "2017-08", "2017-09", "2017-10", "2017-11", "2017-12", "2018-01", "2018-02", "2018-03", "2018-04", "2018-05", "2018-06", "2018-07", "2018-08", "2018-09", "2018-10", "2018-11", "2018-12", "2019-01"], "site": [26, 32, 29, 30, 25]}, "presence_by_category": [["News and Portals", 66.66666666666667], ["Entertainment", 26.666666666666668], ["Reference", 6.666666666666667]]}