{"id": "sevenone_media", "name": "SevenOne Media", "category": "advertising", "website_url": null, "ghostery_id": "c_m11", "company_id": null, "company_name": null, "iab_vendor": null, "truste_type": null, "description": null, "truste_privacy_url": null, "privacy_url": null, "date_range": ["2017-05", "2019-01"], "overview": {"reach": 0.0007462871445263893, "site_reach_top10k": 63, "site_avg_frequency": 0.28327369227841753, "cookies": 0.06793761288876583, "bad_qs": 1.1536078260754921e-05, "tracked": 0.06793761288876583, "https": 0.9098439003810201, "requests": 4.794074411000804, "requests_tracking": 0.45736924679297025, "content_length": 209161.05634385423, "requests_failed": 1.8263902622315389, "has_blocking": 0.0, "script": 0.9869016071405028, "iframe": 0.005344500257089744, "beacon": 0.0, "image": 0.008137879207372543, "stylesheet": 0.41882226529024774, "font": 0.0, "xhr": 0.012107938140252343, "plugin": 1.1536078260754921e-05, "media": 0.016307070627167134, "referer_leaked": 0.4075564608630305, "referer_leaked_header": 0.40744110008042295, "referer_leaked_url": 0.0, "hosts": 1.0, "reach_rank": 627, "site_reach_rank": 459}, "reach_time_series": {"page": [0.008732754811390457, 0.009745494637500457, 0.009586873352410118, 0.009384255665658169, 0.007756186445705258, 0.005220453077166215, 0.004940005538860218, 0.004613799402157722, 0.002434301239099906, 0.001066614063117246, 0.0006159718386097719, 0.0005837738606714502, 0.0008052988853146974, 0.0011555003955364567, 0.0017358834714528912, 0.0014052756207176016, 0.0008096114096424981, 0.0013693146419983628, 0.0011834640046846773, 0.0009189928764482606, 0.0007462871445263893], "ts": ["2017-05", "2017-06", "2017-07", "2017-08", "2017-09", "2017-10", "2017-11", "2017-12", "2018-01", "2018-02", "2018-03", "2018-04", "2018-05", "2018-06", "2018-07", "2018-08", "2018-09", "2018-10", "2018-11", "2018-12", "2019-01"], "site": [40, 56, 71, 71, 63]}, "presence_by_category": [["News and Portals", 67.6470588235294], ["Entertainment", 23.529411764705884], ["Reference", 8.823529411764707]]}