{"id": "seznam", "name": "Seznam", "category": "site_analytics", "website_url": null, "ghostery_id": "2707", "company_id": "seznam", "company_name": "Seznam", "iab_vendor": null, "truste_type": null, "description": null, "truste_privacy_url": null, "privacy_url": null, "date_range": ["2018-02", "2019-01"], "overview": {"reach": 0.0016303120804043447, "site_reach_top10k": 52, "site_avg_frequency": 0.4601654277803481, "cookies": 0.599841125669143, "bad_qs": 0.09082014158373417, "tracked": 0.6011152887499472, "https": 0.9546680084732977, "requests": 20.005648865097136, "requests_tracking": 11.750708371304247, "content_length": 1758010.3090467842, "requests_failed": 7.315419108372511, "has_blocking": 0.0, "script": 0.9374219207348353, "iframe": 0.19681934494891276, "beacon": 0.0, "image": 0.5423551723929824, "stylesheet": 0.026021140998328272, "font": 8.298279389488042e-06, "xhr": 0.24887671472627748, "plugin": 7.694768161161639e-05, "media": 0.005967971659112717, "referer_leaked": 0.6145758523087322, "referer_leaked_header": 0.5661018304495555, "referer_leaked_url": 0.0, "hosts": 1.2950076042414769, "reach_rank": 375, "site_reach_rank": 514}, "reach_time_series": {"page": [0.0014466266371583327, 0.0013628541966242704, 0.0012951100042116574, 0.0021268750883525287, 0.0021276285938649775, 0.001809184858454021, 0.0013683386711384258, 0.0014718174657719501, 0.0014926377383057265, 0.0015116258445900595, 0.0014081532733415932, 0.0016303120804043447], "ts": ["2018-02", "2018-03", "2018-04", "2018-05", "2018-06", "2018-07", "2018-08", "2018-09", "2018-10", "2018-11", "2018-12", "2019-01"], "site": [43, 48, 45, 42, 52]}, "presence_by_category": [["News and Portals", 44.44444444444444], ["Entertainment", 33.333333333333336], ["E-Commerce", 22.22222222222222]]}