{"id": "sitelabweb.com", "name": "sitelabweb.com", "category": "unknown", "website_url": null, "ghostery_id": null, "company_id": null, "company_name": null, "iab_vendor": null, "truste_type": null, "description": null, "truste_privacy_url": null, "privacy_url": null, "date_range": ["2018-12", "2019-01"], "overview": {"reach": 0.0010731880993077325, "site_reach_top10k": 36, "site_avg_frequency": 0.4949294595350927, "cookies": 0.0003873530379136111, "bad_qs": 0.0, "tracked": 0.0003873530379136111, "https": 0.9988963876464177, "requests": 3.3943460208643472, "requests_tracking": 0.0015700404199457019, "content_length": 316.77909645892856, "requests_failed": 1.4992086767080492, "has_blocking": 0.0, "script": 0.23922488135880696, "iframe": 0.0, "beacon": 0.0, "image": 0.9996080629024661, "stylesheet": 0.0, "font": 0.0, "xhr": 0.07477861857071313, "plugin": 0.0, "media": 0.0, "referer_leaked": 0.661535957936669, "referer_leaked_header": 0.661535957936669, "referer_leaked_url": 0.0, "hosts": 1.0, "reach_rank": 512, "site_reach_rank": 627}, "reach_time_series": {"page": [0.0010552851506198532, 0.0010731880993077325], "ts": ["2018-12", "2019-01"], "site": [30, 36]}, "presence_by_category": [["Business", 50.0], ["E-Commerce", 43.75], ["Recreation", 6.25]]}