{"id": "spotscenered.info", "name": "spotscenered.info", "category": "unknown", "website_url": null, "ghostery_id": "spotscenered.info", "company_id": null, "company_name": null, "iab_vendor": null, "truste_type": null, "description": null, "truste_privacy_url": null, "privacy_url": null, "date_range": ["2017-10", "2019-01"], "overview": {"reach": 0.0003934761064319218, "site_reach_top10k": 138, "site_avg_frequency": 0.07372747718585446, "cookies": 0.36979882973669076, "bad_qs": 0.010308569428121327, "tracked": 0.3714898352129229, "https": 0.9461753894626291, "requests": 1.7814664549523642, "requests_tracking": 0.8885624265459728, "content_length": 1247.3420113275488, "requests_failed": 0.9198257107849266, "has_blocking": 0.0, "script": 0.2288452401790403, "iframe": 0.007864269460628641, "beacon": 0.0, "image": 0.06720574629291591, "stylesheet": 3.1257032832387288e-06, "font": 0.0, "xhr": 0.8535951839163812, "plugin": 0.0, "media": 0.0, "referer_leaked": 0.35620827186116877, "referer_leaked_header": 0.20236428196344178, "referer_leaked_url": 0.0, "hosts": 1.0, "reach_rank": 792, "site_reach_rank": 254}, "reach_time_series": {"page": [0.0011123893790561939, 0.000871576288450408, 0.0009295924799859438, 0.0008694172025787781, 0.000787857283867326, 0.0007401072273306897, 0.0004186767036888212, 0.0006588747988418865, 0.0006974881270107249, 0.0005813258952847305, 0.0004592741006033972, 0.0003783167826017631, 0.0003891652300936419, 0.00043242111456355065, 0.0005419861156820448, 0.0003934761064319218], "ts": ["2017-10", "2017-11", "2017-12", "2018-01", "2018-02", "2018-03", "2018-04", "2018-05", "2018-06", "2018-07", "2018-08", "2018-09", "2018-10", "2018-11", "2018-12", "2019-01"], "site": [91, 107, 110, 146, 138]}, "presence_by_category": [["Entertainment", 76.47058823529412], ["Adult", 17.647058823529413], ["Business", 5.882352941176471]]}