{"id": "srvvtrk.com", "name": "srvvtrk.com", "category": "unknown", "website_url": null, "ghostery_id": null, "company_id": null, "company_name": null, "iab_vendor": null, "truste_type": null, "description": null, "truste_privacy_url": null, "privacy_url": null, "date_range": ["2018-12", "2019-01"], "overview": {"reach": 0.0031330464870936983, "site_reach_top10k": 842, "site_avg_frequency": 0.024013395577437834, "cookies": 0.29283655901399885, "bad_qs": 0.24725320235642242, "tracked": 0.47006011177579204, "https": 0.8175244688647852, "requests": 2.057294024034504, "requests_tracking": 0.9200752447279033, "content_length": 8.342297955461621, "requests_failed": 0.6509194985830767, "has_blocking": 0.0, "script": 0.9997232495139201, "iframe": 0.0, "beacon": 0.0, "image": 0.0020620855367055545, "stylesheet": 3.9255388096431646e-07, "font": 0.0, "xhr": 0.001013574120649865, "plugin": 0.0, "media": 0.0, "referer_leaked": 0.8445792823408459, "referer_leaked_header": 0.8445777121253221, "referer_leaked_url": 0.0, "hosts": 1.0, "reach_rank": 224, "site_reach_rank": 56}, "reach_time_series": {"page": [0.0011331350449698089, 0.0031330464870936983], "ts": ["2018-12", "2019-01"], "site": [279, 842]}, "presence_by_category": [["Adult", 37.142857142857146], ["Entertainment", 20.0], ["News and Portals", 15.714285714285714], ["Business", 11.428571428571429], ["E-Commerce", 7.142857142857143], ["Reference", 7.142857142857143], ["Banking", 1.4285714285714286]]}