{"id": "statsy.net", "name": "statsy.net", "category": "unknown", "website_url": null, "ghostery_id": null, "company_id": null, "company_name": null, "iab_vendor": null, "truste_type": null, "description": null, "truste_privacy_url": null, "privacy_url": null, "date_range": ["2018-05", "2019-01"], "overview": {"reach": 0.0016670599505003644, "site_reach_top10k": 23, "site_avg_frequency": 0.9534187515386978, "cookies": 0.5821388389876462, "bad_qs": 0.0, "tracked": 0.5821388389876462, "https": 0.8847117757505782, "requests": 1.1382546820071489, "requests_tracking": 0.5822915552342203, "content_length": 1.0920746170105242, "requests_failed": 0.5932834361893239, "has_blocking": 0.0, "script": 0.0, "iframe": 0.0, "beacon": 0.0, "image": 0.0, "stylesheet": 0.0, "font": 0.0, "xhr": 0.9999985244807095, "plugin": 0.0, "media": 0.0, "referer_leaked": 0.5965089213585106, "referer_leaked_header": 0.5957136164608932, "referer_leaked_url": 0.0, "hosts": 1.0, "reach_rank": 370, "site_reach_rank": 738}, "reach_time_series": {"page": [0.0016172593961018037, 0.0013820831369484958, 0.0012311465292426476, 0.0010608748716691063, 0.0015067707604812784, 0.0014784178736824921, 0.0013690786943149128, 0.00168094217649634, 0.0016670599505003644], "ts": ["2018-05", "2018-06", "2018-07", "2018-08", "2018-09", "2018-10", "2018-11", "2018-12", "2019-01"], "site": [24, 24, 23, 25, 23]}, "presence_by_category": [["Entertainment", 92.85714285714286], ["Adult", 7.142857142857143]]}