{"id": "stickyads", "name": "StickyAds", "category": "advertising", "website_url": null, "ghostery_id": "2348", "company_id": "comcast", "company_name": "Comcast", "iab_vendor": null, "truste_type": null, "description": null, "truste_privacy_url": null, "privacy_url": null, "date_range": ["2017-05", "2019-01"], "overview": {"reach": 0.0032357545640614217, "site_reach_top10k": 483, "site_avg_frequency": 0.10919557934064121, "cookies": 0.2841849520188861, "bad_qs": 0.04787620807995344, "tracked": 0.2878129453033926, "https": 0.8983211646371569, "requests": 6.683364177927889, "requests_tracking": 2.880646052671089, "content_length": 28801.377909948988, "requests_failed": 3.644123316042876, "has_blocking": 0.0, "script": 0.08537130012151592, "iframe": 4.181029453071935e-06, "beacon": 3.800935866429032e-07, "image": 0.823177802838615, "stylesheet": 0.0, "font": 0.0, "xhr": 0.32106277207574047, "plugin": 0.005235028968832706, "media": 0.0004009987339082629, "referer_leaked": 0.1809101036857295, "referer_leaked_header": 0.16777140867624427, "referer_leaked_url": 0.0, "hosts": 1.0, "reach_rank": 217, "site_reach_rank": 93}, "reach_time_series": {"page": [0.006619310619750025, 0.006825947140044204, 0.006848414081490492, 0.006400268285254507, 0.006271339572497959, 0.006191114126075039, 0.006489653369045594, 0.005408190927473713, 0.003607781259910787, 0.00404537829445926, 0.003711296962605275, 0.003399115162030485, 0.00447224289308692, 0.0035673728293170548, 0.003024298429999015, 0.002439831143982634, 0.0024918835389800553, 0.002623561268401812, 0.0025050012980699873, 0.002459317268594951, 0.0032357545640614217], "ts": ["2017-05", "2017-06", "2017-07", "2017-08", "2017-09", "2017-10", "2017-11", "2017-12", "2018-01", "2018-02", "2018-03", "2018-04", "2018-05", "2018-06", "2018-07", "2018-08", "2018-09", "2018-10", "2018-11", "2018-12", "2019-01"], "site": [257, 311, 338, 317, 483]}, "presence_by_category": [["News and Portals", 63.73626373626374], ["Entertainment", 15.384615384615385], ["Business", 8.791208791208792], ["Reference", 7.6923076923076925], ["E-Commerce", 4.395604395604396]]}