{"id": "stripchat.com", "name": "stripchat.com", "category": "pornvertising", "website_url": null, "ghostery_id": "stripchat.com", "company_id": null, "company_name": null, "iab_vendor": null, "truste_type": null, "description": null, "truste_privacy_url": null, "privacy_url": null, "date_range": ["2017-05", "2019-01"], "overview": {"reach": 0.00157035496446402, "site_reach_top10k": 19, "site_avg_frequency": 0.24855282655932665, "cookies": 0.02581714344789345, "bad_qs": 0.0, "tracked": 0.02581714344789345, "https": 0.99623676209601, "requests": 33.89351172360212, "requests_tracking": 0.04384152578346619, "content_length": 480200.989565532, "requests_failed": 9.683891148833123, "has_blocking": 0.0, "script": 0.007344775247371216, "iframe": 0.04721786680409077, "beacon": 0.0, "image": 0.944371433539104, "stylesheet": 0.0008411482848876825, "font": 0.0, "xhr": 0.032847858674557064, "plugin": 0.000112779658308963, "media": 0.003488337486861953, "referer_leaked": 0.5263943560046553, "referer_leaked_header": 0.5255837522105596, "referer_leaked_url": 0.0, "hosts": 1.0404025293971144, "reach_rank": 389, "site_reach_rank": 788}, "reach_time_series": {"page": [0.0051566161933322115, 0.005351085493399068, 0.005581651979197357, 0.005714832417897877, 0.0047239547884369085, 0.005045432603192137, 0.005874628576302093, 0.007505498600679029, 0.005525418322453558, 0.0041952735622600235, 0.003293832594128354, 0.003716697195402298, 0.005102307975636068, 0.004708489381209535, 0.004841658477388162, 0.0048062082788281986, 0.0040229633809669985, 0.004009483691033014, 0.004133775858119277, 0.004200859935574421, 0.00157035496446402], "ts": ["2017-05", "2017-06", "2017-07", "2017-08", "2017-09", "2017-10", "2017-11", "2017-12", "2018-01", "2018-02", "2018-03", "2018-04", "2018-05", "2018-06", "2018-07", "2018-08", "2018-09", "2018-10", "2018-11", "2018-12", "2019-01"], "site": [31, 35, 33, 49, 19]}, "presence_by_category": [["Adult", 100.0]]}