{"id": "stripst.com", "name": "stripst.com", "category": "pornvertising", "website_url": null, "ghostery_id": null, "company_id": null, "company_name": null, "iab_vendor": null, "truste_type": null, "description": null, "truste_privacy_url": null, "privacy_url": null, "date_range": ["2019-01", "2019-01"], "overview": {"reach": 0.0037226666100851876, "site_reach_top10k": 25, "site_avg_frequency": 0.18161944797743593, "cookies": 0.976558313483083, "bad_qs": 0.0, "tracked": 0.976558313483083, "https": 0.9997799678211198, "requests": 60.31848765870564, "requests_tracking": 37.70349540608491, "content_length": 612378.3686183235, "requests_failed": 17.364055463967254, "has_blocking": 0.0, "script": 0.031887816626635784, "iframe": 0.0, "beacon": 0.0, "image": 0.9989735135438726, "stylesheet": 0.03154950889214128, "font": 0.0, "xhr": 1.651893234836446e-05, "plugin": 5.054793298599525e-05, "media": 2.048347611197193e-05, "referer_leaked": 0.7333041498861845, "referer_leaked_header": 0.7332228767390306, "referer_leaked_url": 0.0, "hosts": 1.0, "reach_rank": 187, "site_reach_rank": 715}, "reach_time_series": {"page": [0.0037226666100851876], "ts": ["2019-01"], "site": [25]}, "presence_by_category": [["Adult", 100.0]]}