{"id": "t-mobile", "name": "Deutsche Telekom", "category": "misc", "website_url": null, "ghostery_id": "c_923", "company_id": null, "company_name": null, "iab_vendor": null, "truste_type": null, "description": null, "truste_privacy_url": null, "privacy_url": null, "date_range": ["2017-05", "2019-01"], "overview": {"reach": 0.0016196624667237853, "site_reach_top10k": 8, "site_avg_frequency": 0.530906631996039, "cookies": 0.4563499446054687, "bad_qs": 0.0017973797893109436, "tracked": 0.45645929090443815, "https": 0.9774769404601809, "requests": 4.076095152541884, "requests_tracking": 0.9722799538619367, "content_length": 63305.57114457479, "requests_failed": 1.1034886784816356, "has_blocking": 0.0, "script": 0.2383612634661106, "iframe": 0.6397168538336129, "beacon": 0.0028149078491658927, "image": 0.7976432835174881, "stylesheet": 0.019163698243701007, "font": 0.0021800918357041486, "xhr": 0.004581913666540868, "plugin": 0.0007525151547136228, "media": 2.809592404077098e-05, "referer_leaked": 0.7765136299402317, "referer_leaked_header": 0.7727502948173651, "referer_leaked_url": 0.0, "hosts": 1.6298498690502135, "reach_rank": 378, "site_reach_rank": 977}, "reach_time_series": {"page": [0.019720034885190998, 0.016668437649897717, 0.015519193014494153, 0.01478303355751933, 0.014265761014548723, 0.013619908202058089, 0.011958598116959243, 0.011618155846249912, 0.009284258442226866, 0.0051464603154731375, 0.002816205175433575, 0.0027661176400006096, 0.0036132506077866614, 0.0028899620438179448, 0.0025809466623919887, 0.0021703312862464547, 0.0013340572862871871, 0.0017139755254979006, 0.0024188036141924584, 0.0028201335549724337, 0.0016196624667237853], "ts": ["2017-05", "2017-06", "2017-07", "2017-08", "2017-09", "2017-10", "2017-11", "2017-12", "2018-01", "2018-02", "2018-03", "2018-04", "2018-05", "2018-06", "2018-07", "2018-08", "2018-09", "2018-10", "2018-11", "2018-12", "2019-01"], "site": [19, 19, 17, 18, 8]}, "presence_by_category": [["Business", 42.857142857142854], ["News and Portals", 42.857142857142854], ["Reference", 14.285714285714286]]}