{"id": "toplist.cz", "name": "toplist.cz", "category": "unknown", "website_url": null, "ghostery_id": "toplist.cz", "company_id": null, "company_name": null, "iab_vendor": null, "truste_type": null, "description": null, "truste_privacy_url": null, "privacy_url": null, "date_range": ["2018-02", "2019-01"], "overview": {"reach": 0.0007832108888291674, "site_reach_top10k": 18, "site_avg_frequency": 0.6776580855264775, "cookies": 0.6700182470862763, "bad_qs": 0.001342621236342166, "tracked": 0.6709054763243271, "https": 0.8307355051867579, "requests": 1.4985380346537607, "requests_tracking": 0.7573059009381076, "content_length": 20.402954394846848, "requests_failed": 0.7688210372259404, "has_blocking": 0.0, "script": 0.0008401197209860336, "iframe": 0.0002559617093845299, "beacon": 0.0, "image": 0.9991363255204816, "stylesheet": 3.1406344709758264e-06, "font": 0.0, "xhr": 2.826571023878244e-05, "plugin": 0.0, "media": 0.0, "referer_leaked": 0.6416944351097809, "referer_leaked_header": 0.6299264777470345, "referer_leaked_url": 0.0, "hosts": 1.0, "reach_rank": 613, "site_reach_rank": 803}, "reach_time_series": {"page": [0.0007620687258452882, 0.0007692309176501057, 0.0007420430303221096, 0.0010214994005961302, 0.0009143413758972631, 0.0008820815088232346, 0.0007254977463900805, 0.0007583308856873536, 0.0007373153745128748, 0.000717159047238156, 0.0008193172689665053, 0.0007832108888291674], "ts": ["2018-02", "2018-03", "2018-04", "2018-05", "2018-06", "2018-07", "2018-08", "2018-09", "2018-10", "2018-11", "2018-12", "2019-01"], "site": [21, 18, 16, 18, 18]}, "presence_by_category": [["Adult", 50.0], ["Entertainment", 33.333333333333336], ["News and Portals", 16.666666666666668]]}