{"id": "traffic_stars", "name": "Traffic Stars", "category": "pornvertising", "website_url": null, "ghostery_id": "2817", "company_id": "traffic_stars", "company_name": "Traffic Stars", "iab_vendor": null, "truste_type": null, "description": null, "truste_privacy_url": null, "privacy_url": "", "date_range": ["2017-05", "2019-01"], "overview": {"reach": 0.00568000263422665, "site_reach_top10k": 115, "site_avg_frequency": 0.267416943094278, "cookies": 0.10706573388536872, "bad_qs": 0.00016975932501613687, "tracked": 0.10710709106786627, "https": 0.9590128668474113, "requests": 5.618465917026232, "requests_tracking": 1.1355354986452817, "content_length": 42725.3328306956, "requests_failed": 4.452661507917519, "has_blocking": 0.0, "script": 0.8731440964354222, "iframe": 0.14571932590823947, "beacon": 0.0, "image": 0.18392578399468376, "stylesheet": 0.0288963283699662, "font": 8.661190051843718e-07, "xhr": 0.2313408193442483, "plugin": 1.1043017316100742e-05, "media": 0.005746699599398307, "referer_leaked": 0.06583673700058225, "referer_leaked_header": 0.06579841123460284, "referer_leaked_url": 0.0, "hosts": 1.0209167739752025, "reach_rank": 129, "site_reach_rank": 299}, "reach_time_series": {"page": [0.012121216514852063, 0.009761446046744662, 0.010994897092516442, 0.012651257596978481, 0.010408260737282628, 0.011722912504307022, 0.015892288343942806, 0.016773217289114194, 0.01230647093384399, 0.008964641529870617, 0.007113807283585223, 0.007526356456201516, 0.009810752383758814, 0.008494008619812088, 0.008878611471496371, 0.006614728089665979, 0.005319635156751391, 0.005307255968894555, 0.005582640022440389, 0.006487101063916664, 0.00568000263422665], "ts": ["2017-05", "2017-06", "2017-07", "2017-08", "2017-09", "2017-10", "2017-11", "2017-12", "2018-01", "2018-02", "2018-03", "2018-04", "2018-05", "2018-06", "2018-07", "2018-08", "2018-09", "2018-10", "2018-11", "2018-12", "2019-01"], "site": [72, 87, 111, 127, 115]}, "presence_by_category": [["Adult", 93.54838709677419], ["Business", 3.225806451612903], ["News and Portals", 3.225806451612903]]}