{"id": "travel_audience", "name": "Travel Audience", "category": "site_analytics", "website_url": null, "ghostery_id": "2944", "company_id": null, "company_name": null, "iab_vendor": 423, "truste_type": null, "description": null, "truste_privacy_url": null, "privacy_url": null, "date_range": ["2018-05", "2019-01"], "overview": {"reach": 0.00019855214031364252, "site_reach_top10k": 26, "site_avg_frequency": 0.24991056420949945, "cookies": 0.2523801559722248, "bad_qs": 0.017597978183710256, "tracked": 0.2525226246446026, "https": 0.9969276321087222, "requests": 7.05350627791302, "requests_tracking": 2.2876938038516097, "content_length": 107.84457906701603, "requests_failed": 3.8957067375293453, "has_blocking": 0.0, "script": 0.8291490903684983, "iframe": 0.07622073972212415, "beacon": 0.0, "image": 0.3090764932884867, "stylesheet": 0.0545716958108016, "font": 0.0009291435155074053, "xhr": 0.05169135091272865, "plugin": 0.0, "media": 0.0, "referer_leaked": 0.16778473603032723, "referer_leaked_header": 0.14383761049064972, "referer_leaked_url": 0.0, "hosts": 1.0, "reach_rank": 926, "site_reach_rank": 709}, "reach_time_series": {"page": [0.00023397380728406046, 0.0001958368266090126, 0.00025794923597644644, 0.0002068319406744717, 0.0001679144247521444, 0.00017456316824931558, 0.00017686922932957122, 0.00018700942285919053, 0.00019855214031364252], "ts": ["2018-05", "2018-06", "2018-07", "2018-08", "2018-09", "2018-10", "2018-11", "2018-12", "2019-01"], "site": [20, 18, 21, 25, 26]}, "presence_by_category": [["Recreation", 80.0], ["News and Portals", 20.0]]}