{"id": "tremor_video", "name": "Tremor Video", "category": "audio_video_player", "website_url": null, "ghostery_id": "tremorhub.com", "company_id": null, "company_name": null, "iab_vendor": null, "truste_type": null, "description": null, "truste_privacy_url": null, "privacy_url": null, "date_range": ["2017-05", "2019-01"], "overview": {"reach": 0.0010903585874234836, "site_reach_top10k": 247, "site_avg_frequency": 0.05760052971561574, "cookies": 0.6117759855620101, "bad_qs": 0.13105746996785292, "tracked": 0.619790197958378, "https": 0.883618521233997, "requests": 13.030512661440415, "requests_tracking": 8.781196774011619, "content_length": 2444.9616276577744, "requests_failed": 4.431130787885624, "has_blocking": 0.0, "script": 0.03992668208222887, "iframe": 0.0689887767187412, "beacon": 0.0, "image": 0.46056962382268346, "stylesheet": 3.3839038971293216e-06, "font": 0.0, "xhr": 0.557034572218149, "plugin": 0.000873047205459365, "media": 5.6398398285488696e-06, "referer_leaked": 0.402215329084654, "referer_leaked_header": 0.3503874569962213, "referer_leaked_url": 0.0, "hosts": 1.051713947323896, "reach_rank": 503, "site_reach_rank": 158}, "reach_time_series": {"page": [0.001368692499868727, 0.00181353078917148, 0.0015412862799014573, 0.0013905841093377962, 0.0018667835738716706, 0.0027875763263744127, 0.0032849299977171045, 0.0030116642708018864, 0.0008199322233562472, 0.0003370219679732815, 0.00032501057132626324, 0.0003453806490359336, 0.0004395060478073393, 0.00029903821067037704, 0.00022678375739729087, 0.0002054091286278334, 0.00019905986333750827, 0.00035899588872700873, 0.0004430350983205244, 0.0005188847331204961, 0.0010903585874234836], "ts": ["2017-05", "2017-06", "2017-07", "2017-08", "2017-09", "2017-10", "2017-11", "2017-12", "2018-01", "2018-02", "2018-03", "2018-04", "2018-05", "2018-06", "2018-07", "2018-08", "2018-09", "2018-10", "2018-11", "2018-12", "2019-01"], "site": [47, 84, 98, 127, 247]}, "presence_by_category": [["News and Portals", 51.02040816326531], ["Entertainment", 32.6530612244898], ["Business", 10.204081632653061], ["Reference", 6.122448979591836]]}