{"id": "tripadvisor", "name": "TripAdvisor", "category": "misc", "website_url": null, "ghostery_id": "c_1402", "company_id": "iac_apps", "company_name": "IAC (InterActiveCorp)", "iab_vendor": null, "truste_type": null, "description": null, "truste_privacy_url": null, "privacy_url": null, "date_range": ["2017-05", "2019-01"], "overview": {"reach": 0.0017602732800822557, "site_reach_top10k": 68, "site_avg_frequency": 0.3570870018507466, "cookies": 0.7074085848334841, "bad_qs": 0.0034690077519921466, "tracked": 0.7081429105429189, "https": 0.9750741487306506, "requests": 37.923232570244785, "requests_tracking": 4.9338464064503285, "content_length": 300508.16723272396, "requests_failed": 11.900072314663108, "has_blocking": 0.0, "script": 0.6801602800359128, "iframe": 0.4548333793305828, "beacon": 0.007425702797215012, "image": 0.7143871244965048, "stylesheet": 0.4416287917163029, "font": 0.14702863590789836, "xhr": 0.007557755660281783, "plugin": 5.030585259686497e-05, "media": 0.00024384364661535936, "referer_leaked": 0.7615768090019528, "referer_leaked_header": 0.7577137387379519, "referer_leaked_url": 0.0, "hosts": 1.509855405608404, "reach_rank": 348, "site_reach_rank": 435}, "reach_time_series": {"page": [0.0027160771382680636, 0.0033128847570970898, 0.0036616251362926165, 0.0036244672160395505, 0.0029833244317612143, 0.0026539532508105634, 0.002060807068982278, 0.0017682660728312854, 0.002667639857314685, 0.0017073801929894461, 0.0015331475749428545, 0.0015954417681711432, 0.0020891760388356156, 0.0017027330342070303, 0.0022566242205286106, 0.0020215351001059132, 0.0016926443528180808, 0.0016029474432777272, 0.0015089049277013616, 0.0014473305677459994, 0.0017602732800822557], "ts": ["2017-05", "2017-06", "2017-07", "2017-08", "2017-09", "2017-10", "2017-11", "2017-12", "2018-01", "2018-02", "2018-03", "2018-04", "2018-05", "2018-06", "2018-07", "2018-08", "2018-09", "2018-10", "2018-11", "2018-12", "2019-01"], "site": [64, 68, 71, 66, 68]}, "presence_by_category": [["Recreation", 73.91304347826087], ["Business", 21.73913043478261], ["News and Portals", 4.3478260869565215]]}