{"id": "tubecup.org", "name": "tubecup.org", "category": "pornvertising", "website_url": null, "ghostery_id": "tubecup.org", "company_id": null, "company_name": null, "iab_vendor": null, "truste_type": null, "description": null, "truste_privacy_url": null, "privacy_url": null, "date_range": ["2017-06", "2019-01"], "overview": {"reach": 0.0003136624235817194, "site_reach_top10k": 10, "site_avg_frequency": 0.6094700264754035, "cookies": 0.8511761223057408, "bad_qs": 0.0, "tracked": 0.8511761223057408, "https": 0.9726153086071214, "requests": 1.9058984523571458, "requests_tracking": 1.443515152940992, "content_length": 3565.9273701834663, "requests_failed": 0.40217540475154195, "has_blocking": 0.0, "script": 4.7052734352025033e-05, "iframe": 0.09371336258444986, "beacon": 0.0, "image": 0.020511071116286913, "stylesheet": 4.7052734352025033e-05, "font": 4.3131673156022946e-05, "xhr": 0.9571035905157371, "plugin": 0.0, "media": 0.0, "referer_leaked": 0.9602600447785189, "referer_leaked_header": 0.9602600447785189, "referer_leaked_url": 0.0, "hosts": 1.0, "reach_rank": 834, "site_reach_rank": 928}, "reach_time_series": {"page": [0.0017062355817158666, 0.0015775711617856505, 0.0013974448691987927, 0.0012246232143924628, 0.0012011810542678861, 0.0013063329320537542, 0.0011719282901875292, 0.0007812289460733675, 0.0005523117241937291, 0.000477178132160418, 0.00047824935400467554, 0.0008418289928870769, 0.0007063632099869136, 0.0007470775270462879, 0.0007548686522099709, 0.0005855415682050792, 0.000506077998412957, 0.00039308339844792447, 0.00041920293306869347, 0.0003136624235817194], "ts": ["2017-06", "2017-07", "2017-08", "2017-09", "2017-10", "2017-11", "2017-12", "2018-01", "2018-02", "2018-03", "2018-04", "2018-05", "2018-06", "2018-07", "2018-08", "2018-09", "2018-10", "2018-11", "2018-12", "2019-01"], "site": [11, 12, 10, 11, 10]}, "presence_by_category": [["Adult", 100.0]]}