{"id": "umebiggestern.club", "name": "umebiggestern.club", "category": "unknown", "website_url": null, "ghostery_id": null, "company_id": null, "company_name": null, "iab_vendor": null, "truste_type": null, "description": null, "truste_privacy_url": null, "privacy_url": null, "date_range": ["2019-01", "2019-01"], "overview": {"reach": 2.8508839948650782e-05, "site_reach_top10k": 12, "site_avg_frequency": 0.10050580089605023, "cookies": 0.1819672131147541, "bad_qs": 0.0, "tracked": 0.1819672131147541, "https": 0.9948662640207075, "requests": 3.5668248490077654, "requests_tracking": 0.31466781708369285, "content_length": 2712.055823986195, "requests_failed": 0.7309318377911993, "has_blocking": 0.0, "script": 0.46005176876617776, "iframe": 0.0, "beacon": 0.0, "image": 0.0, "stylesheet": 0.0, "font": 0.0, "xhr": 0.8099223468507334, "plugin": 0.0, "media": 0.0, "referer_leaked": 0.8719585849870578, "referer_leaked_header": 0.8719585849870578, "referer_leaked_url": 0.0, "hosts": 1.0, "reach_rank": 1092, "site_reach_rank": 897}, "reach_time_series": {"page": [2.8508839948650782e-05], "ts": ["2019-01"], "site": [12]}, "presence_by_category": []}