{"id": "undercomputer.com", "name": "undercomputer.com", "category": "unknown", "website_url": null, "ghostery_id": null, "company_id": null, "company_name": null, "iab_vendor": null, "truste_type": null, "description": null, "truste_privacy_url": null, "privacy_url": null, "date_range": ["2018-08", "2019-01"], "overview": {"reach": 3.624484526689985e-05, "site_reach_top10k": 5, "site_avg_frequency": 0.016685323029123508, "cookies": 0.48954869358669834, "bad_qs": 0.0, "tracked": 0.48954869358669834, "https": 0.9050220563284697, "requests": 1.5177129284017645, "requests_tracking": 0.5157448252460128, "content_length": 4.351374278927723, "requests_failed": 0.5749575839837122, "has_blocking": 0.0, "script": 0.0, "iframe": 0.0, "beacon": 0.0, "image": 0.0, "stylesheet": 0.0, "font": 0.0, "xhr": 1.0, "plugin": 0.0, "media": 0.0, "referer_leaked": 0.6866304716661011, "referer_leaked_header": 0.6765863590091619, "referer_leaked_url": 0.0, "hosts": 1.0, "reach_rank": 1079, "site_reach_rank": 1032}, "reach_time_series": {"page": [0.0010387998892763385, 0.0011877529680956996, 0.0006548747018793868, 1.5119147915162929e-05, 1.982860929153707e-05, 3.624484526689985e-05], "ts": ["2018-08", "2018-09", "2018-10", "2018-11", "2018-12", "2019-01"], "site": [105, 81, 2, 2, 5]}, "presence_by_category": []}