{"id": "upravel.com", "name": "upravel.com", "category": "unknown", "website_url": null, "ghostery_id": "upravel.com", "company_id": null, "company_name": null, "iab_vendor": null, "truste_type": null, "description": null, "truste_privacy_url": null, "privacy_url": null, "date_range": ["2017-09", "2019-01"], "overview": {"reach": 0.0005612723985749038, "site_reach_top10k": 75, "site_avg_frequency": 0.13684146086743965, "cookies": 0.8409676571128056, "bad_qs": 0.012520816898939434, "tracked": 0.8424073100184065, "https": 0.9725720922079061, "requests": 4.902445437812253, "requests_tracking": 2.3866749934262423, "content_length": 338.3898501183276, "requests_failed": 2.2153782101849417, "has_blocking": 0.0, "script": 2.191252519940398e-05, "iframe": 0.0010890525024103777, "beacon": 0.0, "image": 0.984485932158822, "stylesheet": 0.0, "font": 0.0, "xhr": 0.016263476202997635, "plugin": 2.191252519940398e-06, "media": 1.3147515119642387e-05, "referer_leaked": 0.6593413094925059, "referer_leaked_header": 0.657463406082917, "referer_leaked_url": 0.0, "hosts": 1.0, "reach_rank": 711, "site_reach_rank": 413}, "reach_time_series": {"page": [0.001001961480107639, 0.0009698025484233411, 0.00038395672858468767, 0.0009088452048859603, 0.0006935217354352932, 0.000974862066048294, 0.0009398192263930866, 0.000693789769911251, 0.0007849539210340967, 0.0009129712416650328, 0.0008298658904305339, 0.0006279468640571262, 0.0006963799956705512, 0.0005130865569317136, 0.0004548337644750551, 0.0004889777160769364, 0.0005612723985749038], "ts": ["2017-09", "2017-10", "2017-11", "2017-12", "2018-01", "2018-02", "2018-03", "2018-04", "2018-05", "2018-06", "2018-07", "2018-08", "2018-09", "2018-10", "2018-11", "2018-12", "2019-01"], "site": [87, 80, 80, 77, 75]}, "presence_by_category": [["News and Portals", 60.0], ["Entertainment", 30.0], ["Business", 10.0]]}