{"id": "vacaneedasap.com", "name": "vacaneedasap.com", "category": "unknown", "website_url": null, "ghostery_id": null, "company_id": null, "company_name": null, "iab_vendor": null, "truste_type": null, "description": null, "truste_privacy_url": null, "privacy_url": null, "date_range": ["2018-10", "2019-01"], "overview": {"reach": 0.0020034802504586943, "site_reach_top10k": 9, "site_avg_frequency": 0.23766655376994125, "cookies": 0.014656916669940675, "bad_qs": 0.0, "tracked": 0.014656916669940675, "https": 0.998226510627431, "requests": 1.007015381291007, "requests_tracking": 0.01540523219266884, "content_length": 10.535145660629395, "requests_failed": 0.9922246395316858, "has_blocking": 0.0, "script": 0.9988729226417318, "iframe": 4.297135897536636e-06, "beacon": 0.0, "image": 0.0010356097513063293, "stylesheet": 6.752642124700428e-06, "font": 0.0, "xhr": 0.0003345627234510667, "plugin": 0.0, "media": 0.0, "referer_leaked": 0.01484107963697796, "referer_leaked_header": 0.01484107963697796, "referer_leaked_url": 0.0, "hosts": 1.0, "reach_rank": 318, "site_reach_rank": 953}, "reach_time_series": {"page": [0.0012770044171364972, 0.0006095383566714723, 0.0008290860482161616, 0.0020034802504586943], "ts": ["2018-10", "2018-11", "2018-12", "2019-01"], "site": [9, 9, 11, 9]}, "presence_by_category": [["Adult", 100.0]]}