{"id": "velocecdn.com", "name": "velocecdn.com", "category": "unknown", "website_url": null, "ghostery_id": null, "company_id": null, "company_name": null, "iab_vendor": null, "truste_type": null, "description": null, "truste_privacy_url": null, "privacy_url": null, "date_range": ["2018-03", "2019-01"], "overview": {"reach": 0.0006079098106047933, "site_reach_top10k": 39, "site_avg_frequency": 0.44460492037228805, "cookies": 0.039034555312778184, "bad_qs": 0.0, "tracked": 0.039034555312778184, "https": 0.5462369507161933, "requests": 1.410916889212592, "requests_tracking": 0.08371368455126649, "content_length": 5.878032694019584, "requests_failed": 1.3205490814922716, "has_blocking": 0.0, "script": 0.9996965282835639, "iframe": 8.09257910496075e-06, "beacon": 0.0, "image": 0.0008780448328882415, "stylesheet": 0.0, "font": 0.0, "xhr": 0.0010924981791697013, "plugin": 0.0, "media": 0.0, "referer_leaked": 0.03973254026058105, "referer_leaked_header": 0.03973254026058105, "referer_leaked_url": 0.0, "hosts": 1.0, "reach_rank": 691, "site_reach_rank": 597}, "reach_time_series": {"page": [0.0019408103304370155, 0.0023351276916598893, 0.0025715325423843974, 0.0019770549470139714, 0.0015663130806760747, 0.0012529972893050244, 0.0012562028433240756, 0.0010827522055627033, 0.0010198598471602713, 0.0010874524557306867, 0.0006079098106047933], "ts": ["2018-03", "2018-04", "2018-05", "2018-06", "2018-07", "2018-08", "2018-09", "2018-10", "2018-11", "2018-12", "2019-01"], "site": [66, 58, 56, 56, 39]}, "presence_by_category": [["Entertainment", 92.3076923076923], ["Business", 7.6923076923076925]]}