{"id": "videoplayerhub.com", "name": "videoplayerhub.com", "category": "unknown", "website_url": null, "ghostery_id": null, "company_id": null, "company_name": null, "iab_vendor": null, "truste_type": null, "description": null, "truste_privacy_url": null, "privacy_url": null, "date_range": ["2018-07", "2019-01"], "overview": {"reach": 0.0028090505314477612, "site_reach_top10k": 68, "site_avg_frequency": 0.6105744659755484, "cookies": 0.0001908943399828195, "bad_qs": 2.3205045915342738e-05, "tracked": 0.0001908943399828195, "https": 0.9994176846968414, "requests": 1.2966419233743114, "requests_tracking": 0.0004597226077567901, "content_length": 926.2693164494003, "requests_failed": 0.6919727178713004, "has_blocking": 0.0, "script": 0.9993064756088698, "iframe": 0.0, "beacon": 0.0, "image": 0.0, "stylesheet": 0.0, "font": 0.0, "xhr": 0.00046410091830685477, "plugin": 0.0, "media": 0.0, "referer_leaked": 0.639062586197989, "referer_leaked_header": 0.639062586197989, "referer_leaked_url": 0.0, "hosts": 1.0, "reach_rank": 247, "site_reach_rank": 435}, "reach_time_series": {"page": [0.0012002207352836186, 0.0011130562360336922, 0.0010110982582018737, 0.0012196568870567715, 0.0016386035713233293, 0.0023264340042344115, 0.0028090505314477612], "ts": ["2018-07", "2018-08", "2018-09", "2018-10", "2018-11", "2018-12", "2019-01"], "site": [39, 45, 74, 56, 68]}, "presence_by_category": [["Entertainment", 59.25925925925926], ["Reference", 14.814814814814815], ["Business", 11.11111111111111], ["E-Commerce", 7.407407407407407], ["News and Portals", 7.407407407407407]]}