{"id": "vimeo", "name": "Vimeo", "category": "audio_video_player", "website_url": null, "ghostery_id": "2727", "company_id": "iac_apps", "company_name": "IAC (InterActiveCorp)", "iab_vendor": null, "truste_type": null, "description": null, "truste_privacy_url": null, "privacy_url": null, "date_range": ["2017-05", "2019-01"], "overview": {"reach": 0.0029870967231650338, "site_reach_top10k": 309, "site_avg_frequency": 0.09079889615811794, "cookies": 0.42199491755436536, "bad_qs": 0.002081727570373591, "tracked": 0.4226084013518054, "https": 0.9513075027833224, "requests": 37.626985793526885, "requests_tracking": 2.82870585387063, "content_length": 21884762.05953222, "requests_failed": 9.203873841380265, "has_blocking": 0.0, "script": 0.8855807427024249, "iframe": 0.5436326969571204, "beacon": 0.006591451082695969, "image": 0.6440793461003841, "stylesheet": 0.6278611402069869, "font": 0.002625216572132519, "xhr": 0.4350650045784831, "plugin": 0.0004261447854700686, "media": 0.08502432525016963, "referer_leaked": 0.8964221130852389, "referer_leaked_header": 0.8918456886499733, "referer_leaked_url": 0.0, "hosts": 1.55067664380719, "reach_rank": 238, "site_reach_rank": 130}, "reach_time_series": {"page": [0.001862298563594272, 0.0020639333738524247, 0.0020248971469589727, 0.0019046979397827496, 0.0017898150931419826, 0.0017913748880224992, 0.001834497025032958, 0.001917417342537792, 0.0019437913171994803, 0.0021190391942655907, 0.002359060261259293, 0.002503144846659969, 0.003019178188237693, 0.002516931453018245, 0.002730156816383462, 0.0023387392782854895, 0.0029420709906358435, 0.0029920762814312604, 0.0029336155368804126, 0.002740444467318422, 0.0029870967231650338], "ts": ["2017-05", "2017-06", "2017-07", "2017-08", "2017-09", "2017-10", "2017-11", "2017-12", "2018-01", "2018-02", "2018-03", "2018-04", "2018-05", "2018-06", "2018-07", "2018-08", "2018-09", "2018-10", "2018-11", "2018-12", "2019-01"], "site": [240, 305, 306, 285, 309]}, "presence_by_category": [["Business", 51.06382978723404], ["Entertainment", 23.404255319148938], ["News and Portals", 12.76595744680851], ["Reference", 8.51063829787234], ["E-Commerce", 4.25531914893617]]}