{"id": "vodafone.de", "name": "vodafone.de", "category": "misc", "website_url": null, "ghostery_id": null, "company_id": null, "company_name": null, "iab_vendor": null, "truste_type": null, "description": null, "truste_privacy_url": null, "privacy_url": null, "date_range": ["2017-06", "2019-01"], "overview": {"reach": 0.0006068262779044154, "site_reach_top10k": 70, "site_avg_frequency": 0.08779350962827485, "cookies": 0.8678290795076601, "bad_qs": 0.00443859837575674, "tracked": 0.8681513339102835, "https": 0.9954377694320418, "requests": 1.8118682850998886, "requests_tracking": 1.3300614715473684, "content_length": 1607.6492048017933, "requests_failed": 0.4884768716596507, "has_blocking": 0.0, "script": 0.0029327177395981753, "iframe": 0.00019051518142517516, "beacon": 2.026757249203991e-06, "image": 0.994446685137181, "stylesheet": 0.0013113119402349822, "font": 0.00015200679369029932, "xhr": 0.0016741014878424965, "plugin": 2.026757249203991e-06, "media": 0.0025760084637382725, "referer_leaked": 0.7872593985800539, "referer_leaked_header": 0.7871844085618334, "referer_leaked_url": 0.0, "hosts": 1.0, "reach_rank": 692, "site_reach_rank": 429}, "reach_time_series": {"page": [0.0009615120127299782, 0.000630833809857547, 0.0015283081188919132, 0.0009357016575664293, 0.002875951376350503, 0.0043735745615394945, 0.0022684536001957322, 0.002473255496835309, 0.000682340164990573, 0.0005241961057993161, 0.0003452135407156579, 0.0003506154027884527, 0.0003133117251533309, 0.00019018974607040465, 0.00019659946155710684, 0.00017403157823700174, 0.00018557411429360492, 0.00035581646863697104, 0.0004360064718921119, 0.0006068262779044154], "ts": ["2017-06", "2017-07", "2017-08", "2017-09", "2017-10", "2017-11", "2017-12", "2018-01", "2018-02", "2018-03", "2018-04", "2018-05", "2018-06", "2018-07", "2018-08", "2018-09", "2018-10", "2018-11", "2018-12", "2019-01"], "site": [38, 48, 70, 71, 70]}, "presence_by_category": [["News and Portals", 62.5], ["Reference", 21.875], ["Entertainment", 15.625]]}