{"id": "walmart", "name": "Walmart", "category": "misc", "website_url": null, "ghostery_id": "c_793", "company_id": null, "company_name": null, "iab_vendor": null, "truste_type": null, "description": null, "truste_privacy_url": null, "privacy_url": null, "date_range": ["2017-09", "2019-01"], "overview": {"reach": 0.00021733747341871984, "site_reach_top10k": 38, "site_avg_frequency": 0.0653329361811346, "cookies": 0.8987567411565646, "bad_qs": 0.01596939670539236, "tracked": 0.8987793767294993, "https": 0.9327893250638041, "requests": 4.319772738847736, "requests_tracking": 2.3589605744908413, "content_length": 11841.242138382575, "requests_failed": 1.7739498508881633, "has_blocking": 0.0, "script": 0.04862686955685207, "iframe": 0.003095414598812764, "beacon": 5.65889323366136e-06, "image": 0.8418282752259313, "stylesheet": 0.04999632171939812, "font": 0.09361507076445989, "xhr": 0.0010016241023580608, "plugin": 0.0, "media": 0.0, "referer_leaked": 0.4029414927028572, "referer_leaked_header": 0.3986237571655736, "referer_leaked_url": 0.0, "hosts": 1.0, "reach_rank": 916, "site_reach_rank": 605}, "reach_time_series": {"page": [0.019622620355768398, 0.014156887630719955, 0.00634657886660572, 0.0054055816075991745, 0.000900611981323666, 0.0005051759064132416, 0.0009450921413638459, 0.0011975509941446944, 0.0014610269461863576, 0.0005821120483202726, 0.000111650926221375, 9.596225384479051e-05, 0.00011544394575826116, 8.196008576363047e-05, 9.769054786846236e-05, 6.592610072383001e-05, 0.00021733747341871984], "ts": ["2017-09", "2017-10", "2017-11", "2017-12", "2018-01", "2018-02", "2018-03", "2018-04", "2018-05", "2018-06", "2018-07", "2018-08", "2018-09", "2018-10", "2018-11", "2018-12", "2019-01"], "site": [14, 8, 4, 4, 38]}, "presence_by_category": [["E-Commerce", 50.0], ["News and Portals", 50.0]]}