{"id": "webclicks24_com", "name": "webclicks24.com", "category": "unknown", "website_url": null, "ghostery_id": null, "company_id": null, "company_name": null, "iab_vendor": null, "truste_type": null, "description": null, "truste_privacy_url": null, "privacy_url": null, "date_range": ["2017-05", "2019-01"], "overview": {"reach": 0.00031224928047986434, "site_reach_top10k": 9, "site_avg_frequency": 0.8813493579772594, "cookies": 7.089852058420381e-05, "bad_qs": 0.0, "tracked": 7.089852058420381e-05, "https": 3.938806699122434e-06, "requests": 86.22013202880055, "requests_tracking": 0.0017370137543129933, "content_length": 1068939.5862480502, "requests_failed": 22.352842242914086, "has_blocking": 0.0, "script": 0.8956176836665564, "iframe": 0.00012604181437191788, "beacon": 0.0, "image": 0.9780253974255959, "stylesheet": 0.4676072537064171, "font": 0.0013116226308077705, "xhr": 4.332687369034677e-05, "plugin": 0.0, "media": 0.053867120417198405, "referer_leaked": 0.9838075656599077, "referer_leaked_header": 0.9838075656599077, "referer_leaked_url": 0.0, "hosts": 1.0, "reach_rank": 837, "site_reach_rank": 953}, "reach_time_series": {"page": [0.001242508452994957, 0.001337296442119809, 0.0013308461309016804, 0.001419569999085451, 0.0011802867576243116, 0.0010995118717739634, 0.00071884264723938, 0.0007749680027377239, 0.0005653230117901101, 0.0003802447987868951, 0.00030493325159442283, 0.0003387871996973334, 0.00044773163698484805, 0.0004362312395043773, 0.00040245315006192186, 0.0002885393294655365, 0.0003216278476134058, 0.00033189028865571765, 0.0003343404883446732, 0.00037937541880931784, 0.00031224928047986434], "ts": ["2017-05", "2017-06", "2017-07", "2017-08", "2017-09", "2017-10", "2017-11", "2017-12", "2018-01", "2018-02", "2018-03", "2018-04", "2018-05", "2018-06", "2018-07", "2018-08", "2018-09", "2018-10", "2018-11", "2018-12", "2019-01"], "site": [9, 11, 9, 9, 9]}, "presence_by_category": [["Adult", 100.0]]}