{"id": "woopic.com", "name": "woopic.com", "category": "misc", "website_url": null, "ghostery_id": "woopic.com", "company_id": null, "company_name": null, "iab_vendor": null, "truste_type": null, "description": null, "truste_privacy_url": null, "privacy_url": null, "date_range": ["2017-05", "2019-01"], "overview": {"reach": 0.0025261045995708543, "site_reach_top10k": 5, "site_avg_frequency": 0.41073677032144024, "cookies": 0.7415177162977475, "bad_qs": 0.0, "tracked": 0.7415177162977475, "https": 0.9957091972065233, "requests": 41.402519465141914, "requests_tracking": 1.0582089537705315, "content_length": 291893.2831647458, "requests_failed": 13.099097436716379, "has_blocking": 0.0, "script": 0.98793141726487, "iframe": 0.0023666847133882005, "beacon": 0.07317150357753534, "image": 0.9836790773581158, "stylesheet": 0.9821858409837151, "font": 0.3896236869062596, "xhr": 0.030399312926256424, "plugin": 0.4200658445670929, "media": 1.0224311660389264e-05, "referer_leaked": 0.9692569554531609, "referer_leaked_header": 0.9688343505711983, "referer_leaked_url": 0.0, "hosts": 1.0, "reach_rank": 259, "site_reach_rank": 1032}, "reach_time_series": {"page": [0.0012801774542583895, 0.0013224283470860858, 0.0010965911767758993, 0.0009905427215577353, 0.0009595349517054207, 0.0008742312443777687, 0.0007749014267001109, 0.0010067774347137348, 0.0011590591023096402, 0.002571389776626036, 0.002547253435615572, 0.0023795902317529133, 0.0032614958225051466, 0.0028245881672205723, 0.0021494463275558134, 0.0016675143229902037, 0.0022724689062656148, 0.002196907759402664, 0.0022460446548885574, 0.002512440230745935, 0.0025261045995708543], "ts": ["2017-05", "2017-06", "2017-07", "2017-08", "2017-09", "2017-10", "2017-11", "2017-12", "2018-01", "2018-02", "2018-03", "2018-04", "2018-05", "2018-06", "2018-07", "2018-08", "2018-09", "2018-10", "2018-11", "2018-12", "2019-01"], "site": [3, 4, 3, 3, 5]}, "presence_by_category": [["Business", 66.66666666666667], ["News and Portals", 33.333333333333336]]}