{"id": "xen-media.com", "name": "xen-media.com", "category": "unknown", "website_url": null, "ghostery_id": null, "company_id": null, "company_name": null, "iab_vendor": null, "truste_type": null, "description": null, "truste_privacy_url": null, "privacy_url": null, "date_range": ["2018-10", "2019-01"], "overview": {"reach": 0.0035563781625400073, "site_reach_top10k": 748, "site_avg_frequency": 0.024603608324247794, "cookies": 0.7541952204020993, "bad_qs": 0.0, "tracked": 0.7541952204020993, "https": 0.8618872993169236, "requests": 1.2367735224220022, "requests_tracking": 0.9037236514844253, "content_length": 65.316745192321, "requests_failed": 0.32782201282047735, "has_blocking": 0.0, "script": 0.0, "iframe": 0.8805370269440287, "beacon": 0.0, "image": 0.00025902399482090343, "stylesheet": 0.00030398143050410425, "font": 0.0001746423463078187, "xhr": 1.0374792849969428e-06, "plugin": 0.13963572027345186, "media": 0.0, "referer_leaked": 0.714822535710037, "referer_leaked_header": 0.714822535710037, "referer_leaked_url": 0.0, "hosts": 1.0, "reach_rank": 197, "site_reach_rank": 61}, "reach_time_series": {"page": [0.002035483135319403, 0.004648876727733464, 0.004422368166167263, 0.0035563781625400073], "ts": ["2018-10", "2018-11", "2018-12", "2019-01"], "site": [363, 1202, 1066, 748]}, "presence_by_category": [["Adult", 24.242424242424242], ["Entertainment", 24.242424242424242], ["News and Portals", 22.727272727272727], ["Reference", 15.151515151515152], ["Business", 7.575757575757576], ["E-Commerce", 6.0606060606060606]]}