{"id": "xfreeservice.com", "name": "xfreeservice.com", "category": "unknown", "website_url": null, "ghostery_id": "xfreeservice.com", "company_id": null, "company_name": null, "iab_vendor": null, "truste_type": null, "description": null, "truste_privacy_url": null, "privacy_url": null, "date_range": ["2017-05", "2019-01"], "overview": {"reach": 0.0003943161209998652, "site_reach_top10k": 34, "site_avg_frequency": 0.06605597521929663, "cookies": 0.0023236882078281782, "bad_qs": 0.0, "tracked": 0.0023236882078281782, "https": 0.9621441560021334, "requests": 2.833000115404649, "requests_tracking": 0.007445159398772968, "content_length": 2547.5791972203074, "requests_failed": 1.0174416972592955, "has_blocking": 0.0, "script": 0.5096238120338977, "iframe": 0.0, "beacon": 0.0, "image": 0.10876420334923007, "stylesheet": 0.0, "font": 0.0, "xhr": 0.494477731581262, "plugin": 0.0, "media": 0.0, "referer_leaked": 0.30818967533865027, "referer_leaked_header": 0.28108205894370436, "referer_leaked_url": 0.0, "hosts": 1.0, "reach_rank": 790, "site_reach_rank": 648}, "reach_time_series": {"page": [0.0019289655884718187, 0.0018851551287109164, 0.0018279459712329928, 0.0021839538447468473, 0.00222028356330993, 0.001660125313800865, 0.0013147876596941836, 0.0010186530222402897, 0.0008625047826155294, 0.0004116473900388542, 0.00022204402054336493, 0.00019642263772204365, 0.00022775019913799373, 0.00017142072669533488, 0.00018427860510106784, 0.0001580845813247045, 0.00022754817155065535, 0.00026388474351425427, 0.00025381820367657897, 0.0003063464402412052, 0.0003943161209998652], "ts": ["2017-05", "2017-06", "2017-07", "2017-08", "2017-09", "2017-10", "2017-11", "2017-12", "2018-01", "2018-02", "2018-03", "2018-04", "2018-05", "2018-06", "2018-07", "2018-08", "2018-09", "2018-10", "2018-11", "2018-12", "2019-01"], "site": [3, 10, 9, 16, 34]}, "presence_by_category": []}