{"id": "xhamster", "name": "xHamster", "category": "pornvertising", "website_url": null, "ghostery_id": "c_m3", "company_id": null, "company_name": null, "iab_vendor": null, "truste_type": null, "description": null, "truste_privacy_url": null, "privacy_url": null, "date_range": ["2017-05", "2019-01"], "overview": {"reach": 0.004577533324328, "site_reach_top10k": 46, "site_avg_frequency": 0.20701907472842188, "cookies": 0.8968273244944929, "bad_qs": 0.0007235540070060877, "tracked": 0.8968899268278135, "https": 0.9757323263940573, "requests": 78.81463717783308, "requests_tracking": 40.61065110188167, "content_length": 5938314.785859987, "requests_failed": 24.910926014789197, "has_blocking": 0.0, "script": 0.9181002959236477, "iframe": 0.03135517124827978, "beacon": 0.0, "image": 0.9772920111362297, "stylesheet": 0.9551874765241251, "font": 0.41930371159293117, "xhr": 0.2661093536483726, "plugin": 0.0009457519883629517, "media": 0.5132107044079028, "referer_leaked": 0.7599251566267391, "referer_leaked_header": 0.758060520604228, "referer_leaked_url": 0.0, "hosts": 1.056618302557883, "reach_rank": 157, "site_reach_rank": 549}, "reach_time_series": {"page": [0.015050045329312502, 0.015007308759873389, 0.015383253970419213, 0.01591038114376942, 0.013505136123859476, 0.014484986316259761, 0.015811926694339343, 0.015070871546186476, 0.011087270640598428, 0.007977570247811438, 0.00625000292863155, 0.0060589870910347085, 0.007794445767244826, 0.006830706714595536, 0.007159810387699525, 0.005915030846685522, 0.004671708561086805, 0.0047114183603092375, 0.004929769258398113, 0.005717460591869806, 0.004577533324328], "ts": ["2017-05", "2017-06", "2017-07", "2017-08", "2017-09", "2017-10", "2017-11", "2017-12", "2018-01", "2018-02", "2018-03", "2018-04", "2018-05", "2018-06", "2018-07", "2018-08", "2018-09", "2018-10", "2018-11", "2018-12", "2019-01"], "site": [40, 45, 42, 57, 46]}, "presence_by_category": [["Adult", 76.92307692307692], ["Entertainment", 15.384615384615385], ["Reference", 7.6923076923076925]]}