{"id": "ymetrica1.com", "name": "ymetrica1.com", "category": "unknown", "website_url": null, "ghostery_id": null, "company_id": null, "company_name": null, "iab_vendor": null, "truste_type": null, "description": null, "truste_privacy_url": null, "privacy_url": null, "date_range": ["2018-03", "2019-01"], "overview": {"reach": 9.147918530546356e-06, "site_reach_top10k": 1, "site_avg_frequency": 0.70888733379986, "cookies": 0.48978219951599894, "bad_qs": 0.018956708792686208, "tracked": 0.48978219951599894, "https": 1.0, "requests": 7.68163484807744, "requests_tracking": 2.207717128260285, "content_length": 146.98063995697768, "requests_failed": 4.314466254369454, "has_blocking": 0.0, "script": 0.003764452809895133, "iframe": 0.0, "beacon": 0.10231244958322129, "image": 0.42874428609841353, "stylesheet": 0.0, "font": 0.0, "xhr": 0.956977682172627, "plugin": 0.0, "media": 0.0, "referer_leaked": 0.6282602850228556, "referer_leaked_header": 0.6244958322129605, "referer_leaked_url": 0.0, "hosts": 1.0, "reach_rank": 1111, "site_reach_rank": 1101}, "reach_time_series": {"page": [0.0018205421135425353, 0.0014433468111959362, 0.0012067484829646113, 0.0015529855731664702, 0.002557642191556713, 0.001575959577139511, 1.593755166170186e-05, 1.6339953575158188e-05, 1.6826342670991966e-05, 1.5407114277746483e-05, 9.147918530546356e-06], "ts": ["2018-03", "2018-04", "2018-05", "2018-06", "2018-07", "2018-08", "2018-09", "2018-10", "2018-11", "2018-12", "2019-01"], "site": [1, 1, 1, 1, 1]}, "presence_by_category": []}