{"id": "youporn", "name": "YouPorn", "category": "pornvertising", "website_url": null, "ghostery_id": null, "company_id": null, "company_name": null, "iab_vendor": null, "truste_type": null, "description": null, "truste_privacy_url": null, "privacy_url": null, "date_range": ["2017-05", "2019-01"], "overview": {"reach": 0.0007727076320059802, "site_reach_top10k": 19, "site_avg_frequency": 0.2662989693534747, "cookies": 0.0220126887313497, "bad_qs": 0.0, "tracked": 0.0220126887313497, "https": 0.9780016362287791, "requests": 79.93133250779118, "requests_tracking": 0.045524723289520175, "content_length": 124679196.8923511, "requests_failed": 28.210301556327334, "has_blocking": 0.0, "script": 0.6266469724992598, "iframe": 0.021269382466885468, "beacon": 0.0, "image": 0.9766725982612682, "stylesheet": 0.6336152697708325, "font": 0.32735876385144064, "xhr": 0.02426329913381741, "plugin": 0.0026246510280546385, "media": 0.6101127851860813, "referer_leaked": 0.8099857705396053, "referer_leaked_header": 0.8098982291165956, "referer_leaked_url": 0.0, "hosts": 1.041507367804493, "reach_rank": 615, "site_reach_rank": 788}, "reach_time_series": {"page": [0.00323903659354417, 0.003495996259080528, 0.003509262088682502, 0.0034997753675611062, 0.003167395818549753, 0.0032152484432229947, 0.0033707770841535653, 0.0033869099255396844, 0.0025127535455511797, 0.001368163701168274, 0.0010902364991946056, 0.001127960639787045, 0.0014350253777833603, 0.0012230244078765425, 0.001246920368432056, 0.0010964933130922809, 0.0008612580736095621, 0.0008607686297641581, 0.0009373173418995951, 0.0010307192252421119, 0.0007727076320059802], "ts": ["2017-05", "2017-06", "2017-07", "2017-08", "2017-09", "2017-10", "2017-11", "2017-12", "2018-01", "2018-02", "2018-03", "2018-04", "2018-05", "2018-06", "2018-07", "2018-08", "2018-09", "2018-10", "2018-11", "2018-12", "2019-01"], "site": [15, 17, 17, 18, 19]}, "presence_by_category": [["Adult", 100.0]]}