{"id": "zononi.com", "name": "zononi.com", "category": "pornvertising", "website_url": null, "ghostery_id": "zononi.com", "company_id": null, "company_name": null, "iab_vendor": null, "truste_type": null, "description": null, "truste_privacy_url": null, "privacy_url": null, "date_range": ["2017-05", "2019-01"], "overview": {"reach": 8.020478772956702e-05, "site_reach_top10k": 2, "site_avg_frequency": 0.4686501580899764, "cookies": 0.40760277858709154, "bad_qs": 0.00046003097541901156, "tracked": 0.40760277858709154, "https": 0.9854936899084539, "requests": 3.592335883949519, "requests_tracking": 0.9573397942128103, "content_length": 77844.29320840936, "requests_failed": 1.401852391394354, "has_blocking": 0.0, "script": 0.10401300354223851, "iframe": 0.9427874810237222, "beacon": 0.0, "image": 0.43600202413629185, "stylesheet": 0.004845659607746922, "font": 0.0017787864382868446, "xhr": 0.06061674819437842, "plugin": 0.002668179657430267, "media": 0.010657384263873767, "referer_leaked": 0.8934874948246515, "referer_leaked_header": 0.8934108229954151, "referer_leaked_url": 0.0, "hosts": 1.0, "reach_rank": 1034, "site_reach_rank": 1083}, "reach_time_series": {"page": [0.004807047861607558, 0.00401634818484895, 0.004223219605320854, 0.0033254168699454007, 0.0009159820552925241, 0.001064300726862061, 0.0008720294332322646, 0.0013116478231768038, 0.000951937483864702, 0.0003392803536262695, 0.0001768838329422565, 0.00017419723112536587, 0.0002336835872150729, 0.00017875889880053858, 0.00021192331094944578, 0.00014938991597955207, 7.034595743295974e-05, 8.92665080194342e-05, 0.00013128785171625157, 0.0001578609956464282, 8.020478772956702e-05], "ts": ["2017-05", "2017-06", "2017-07", "2017-08", "2017-09", "2017-10", "2017-11", "2017-12", "2018-01", "2018-02", "2018-03", "2018-04", "2018-05", "2018-06", "2018-07", "2018-08", "2018-09", "2018-10", "2018-11", "2018-12", "2019-01"], "site": [5, 3, 3, 5, 2]}, "presence_by_category": [["Adult", 100.0]]}