{"id": "zukxd6fkxqn.com", "name": "zukxd6fkxqn.com", "category": "unknown", "website_url": null, "ghostery_id": null, "company_id": null, "company_name": null, "iab_vendor": null, "truste_type": null, "description": null, "truste_privacy_url": null, "privacy_url": null, "date_range": ["2018-08", "2019-01"], "overview": {"reach": 0.0005772769513899079, "site_reach_top10k": 10, "site_avg_frequency": 0.28970236540423727, "cookies": 0.11862420718703462, "bad_qs": 0.0, "tracked": 0.11862420718703462, "https": 0.8615109944543039, "requests": 1.5991780524231263, "requests_tracking": 0.12452143604340259, "content_length": 12.547775436593072, "requests_failed": 1.48320418941865, "has_blocking": 0.0, "script": 0.9972559137402449, "iframe": 0.000394142824576616, "beacon": 0.0, "image": 0.0023904229685133144, "stylesheet": 0.18211955097545024, "font": 0.0, "xhr": 4.26100350893639e-06, "plugin": 0.0, "media": 0.0, "referer_leaked": 0.09146030981756513, "referer_leaked_header": 0.09102142645614468, "referer_leaked_url": 0.0, "hosts": 1.0, "reach_rank": 703, "site_reach_rank": 928}, "reach_time_series": {"page": [0.0015251742802342204, 0.0007261916384982079, 0.0003298002363831599, 0.00016253264600629043, 0.00015732224205231086, 0.0005772769513899079], "ts": ["2018-08", "2018-09", "2018-10", "2018-11", "2018-12", "2019-01"], "site": [61, 27, 16, 10, 10]}, "presence_by_category": [["Entertainment", 50.0], ["Business", 33.333333333333336], ["Adult", 16.666666666666668]]}